time,rel_trailer_x,rel_trailer_y,rel_trailer_z,hitch_roll,hitch_pitch,hitch_yaw
0.001,-1.2906976744186047,0.0,0.0,2.0355549961366505e-19,0.0,0.0
0.002,-1.2906976744186045,0.0,0.0,6.445924154432724e-19,0.0,0.0
0.003,-1.2906976744186047,0.0,0.0,8.990367899603539e-19,0.0,0.0
0.004,-1.2906976744186047,0.0,0.0,1.5436292054036267e-18,0.0,0.0
0.005,-1.2906976744186047,0.0,0.0,3.036369535903837e-18,0.0,0.0
0.006,-1.2906976744186045,0.0,0.0,4.885331990727962e-18,0.0,0.0
0.007,-1.2906976744186047,0.0,0.0,6.496813029336143e-18,0.0,0.0
0.008,-1.2906976744186047,0.0,0.0,7.9217015266318e-18,0.0,0.0
0.009000000000000001,-1.2906976744186045,0.0,0.0,8.668071691881904e-18,0.0,0.0
0.010000000000000002,-1.2906976744186047,0.0,0.0,9.465330732035426e-18,0.0,0.0
0.011000000000000003,-1.2906976744186045,0.0,0.0,1.009296018917756e-17,0.0,0.0
0.012000000000000004,-1.2906976744186045,0.0,0.0,1.1025922895740193e-17,0.0,0.0
0.013000000000000005,-1.2906976744186045,0.0,0.0,1.2433848434734711e-17,0.0,0.0
0.014000000000000005,-1.2906976744186047,0.0,0.0,1.4316736806161113e-17,0.0,0.0
0.015000000000000006,-1.2906976744186047,0.0,0.0,1.626747701079207e-17,0.0,0.0
0.016000000000000007,-1.2906976744186047,0.0,0.0,1.8811920755962888e-17,0.0,0.0
0.017000000000000008,-1.2906976744186047,0.0,0.0,2.1983993958275836e-17,0.0,0.0
0.01800000000000001,-1.2906976744186047,0.0,0.0,2.5902437325838887e-17,0.0,0.0
0.01900000000000001,-1.2906976744186045,0.0,0.0,2.9871769568305355e-17,0.0,0.0
0.02000000000000001,-1.2906976744186045,0.0,0.0,3.3993768435482073e-17,0.0,0.0
0.02100000000000001,-1.2906976744186047,0.0,0.0,3.7606878553624625e-17,0.0,0.0
0.022000000000000013,-1.2906976744186045,0.0,0.0,4.0456655548215934e-17,0.0,0.0
0.023000000000000013,-1.2906976744186047,0.0,0.0,4.3238580709602686e-17,0.0,0.0
0.024000000000000014,-1.2906976744186045,0.0,0.0,4.5630357830063253e-17,0.0,0.0
0.025000000000000015,-1.2906976744186045,0.0,0.0,4.841228299145001e-17,0.0,0.0
0.026000000000000016,-1.2906976744186045,0.0,0.0,5.200843015129142e-17,0.0,0.0
0.027000000000000017,-1.2906976744186047,0.0,0.0,5.597776239375789e-17,0.0,0.0
0.028000000000000018,-1.2906976744186047,0.0,0.0,5.962479842850273e-17,0.0,0.0
0.02900000000000002,-1.2906976744186045,0.0,0.0,6.29834641721282e-17,0.0,0.0
0.03000000000000002,-1.2906976744186047,0.0,0.0,6.708850008100377e-17,0.0,0.0
0.03100000000000002,-1.2906976744186047,0.0,0.0,7.109175824007251e-17,0.0,0.0
0.03200000000000002,-1.2906976744186047,0.0,0.0,7.499323864933443e-17,0.0,0.0
0.03300000000000002,-1.2906976744186045,0.0,0.0,7.872508947558495e-17,0.0,0.0
0.03400000000000002,-1.2906976744186045,0.0,0.0,8.330508821689242e-17,0.0,0.0
0.035000000000000024,-1.2906976744186047,0.0,0.0,8.84618275404386e-17,0.0,0.0
0.036000000000000025,-1.2906976744186045,0.0,0.0,9.348286319757567e-17,0.0,0.0
0.037000000000000026,-1.2906976744186045,0.0,0.0,9.855478772961615e-17,0.0,0.0
0.03800000000000003,-1.2906976744186045,0.0,0.0,1.0320263830412819e-16,0.0,0.0
0.03900000000000003,-1.2906976744186047,0.0,0.0,1.07579081545822e-16,0.0,0.0
0.04000000000000003,-1.2906976744186047,0.0,0.0,1.125322653697545e-16,0.0,0.0
0.04100000000000003,-1.2906976744186047,0.0,0.0,1.1719707890256767e-16,0.0,0.0
0.04200000000000003,-1.2906976744186047,0.0,0.0,1.2226900343460815e-16,0.0,0.0
0.04300000000000003,-1.2906976744186045,0.0,0.0,1.2791766854888735e-16,0.0,0.0
0.04400000000000003,-1.2906976744186045,0.0,0.0,1.3382077803768363e-16,0.0,0.0
0.04500000000000003,-1.2906976744186045,0.0,0.0,1.3968996160987764e-16,0.0,0.0
0.046000000000000034,-1.2906976744186045,0.0,0.0,1.4584751547319101e-16,0.0,0.0
0.047000000000000035,-1.2906976744186047,0.0,0.0,1.526326987936465e-16,0.0,0.0
0.048000000000000036,-1.2906976744186047,0.0,0.0,1.5948573394730657e-16,0.0,0.0
0.04900000000000004,-1.2906976744186047,0.0,0.0,1.6671195418359167e-16,0.0,0.0
0.05000000000000004,-1.2906976744186045,0.0,0.0,1.7432832246080295e-16,0.0,0.0
0.05100000000000004,-1.2906976744186047,0.0,0.0,1.8191076482141197e-16,0.0,0.0
0.05200000000000004,-1.2906976744186045,0.0,0.0,1.9006994776425969e-16,0.0,0.0
0.05300000000000004,-1.2906976744186047,0.0,0.0,1.9828001958201084e-16,0.0,0.0
0.05400000000000004,-1.2906976744186047,0.0,0.0,2.0601512856733012e-16,0.0,0.0
0.05500000000000004,-1.2906976744186045,0.0,0.0,2.1407253376037101e-16,0.0,0.0
0.05600000000000004,-1.2906976744186047,0.0,0.0,2.227236424939518e-16,0.0,0.0
0.057000000000000044,-1.2906976744186045,0.0,0.0,2.3212112139278265e-16,0.0,0.0
0.058000000000000045,-1.2906976744186047,0.0,0.0,2.4168822987462487e-16,0.0,0.0
0.059000000000000045,-1.2906976744186045,0.0,0.0,2.508821532738421e-16,0.0,0.0
0.060000000000000046,-1.2906976744186047,0.0,0.0,2.5983859525684335e-16,0.0,0.0
0.06100000000000005,-1.2906976744186045,0.0,0.0,2.6903251865606057e-16,0.0,0.0
0.06200000000000005,-1.2906976744186047,0.0,0.0,2.782942938884823e-16,0.0,0.0
0.06300000000000004,-1.2906976744186045,0.0,0.0,2.8772569870391546e-16,0.0,0.0
0.06400000000000004,-1.2906976744186045,0.0,0.0,2.966651777286156e-16,0.0,0.0
0.06500000000000004,-1.2906976744186047,0.0,0.0,3.058591011278328e-16,0.0,0.0
0.06600000000000004,-1.2906976744186047,0.0,0.0,3.151378393185557e-16,0.0,0.0
0.06700000000000005,-1.2906976744186047,0.0,0.0,3.2499331809151727e-16,0.0,0.0
0.06800000000000005,-1.2906976744186045,0.0,0.0,3.3517109307220054e-16,0.0,0.0
0.06900000000000005,-1.2906976744186047,0.0,0.0,3.4502657184516216e-16,0.0,0.0
0.07000000000000005,-1.2906976744186047,0.0,0.0,3.5505168020113514e-16,0.0,0.0
0.07100000000000005,-1.2906976744186047,0.0,0.0,3.646527145995797e-16,0.0,0.0
0.07200000000000005,-1.2906976744186047,0.0,0.0,3.7469478591385385e-16,0.0,0.0
0.07300000000000005,-1.2906976744186045,0.0,0.0,3.847877461030314e-16,0.0,0.0
0.07400000000000005,-1.2906976744186047,0.0,0.0,3.9513515066672604e-16,0.0,0.0
0.07500000000000005,-1.2906976744186047,0.0,0.0,4.0509240718949444e-16,0.0,0.0
0.07600000000000005,-1.2906976744186045,0.0,0.0,4.143881083385185e-16,0.0,0.0
0.07700000000000005,-1.2906976744186047,0.0,0.0,4.2376862427904817e-16,0.0,0.0
0.07800000000000006,-1.2906976744186047,0.0,0.0,4.332678809276859e-16,0.0,0.0
0.07900000000000006,-1.2906976744186045,0.0,0.0,4.42580545035011e-16,0.0,0.0
0.08000000000000006,-1.2906976744186045,0.0,0.0,4.524190608496715e-16,0.0,0.0
0.08100000000000006,-1.2906976744186047,0.0,0.0,4.623593544141388e-16,0.0,0.0
0.08200000000000006,-1.2906976744186047,0.0,0.0,4.724692775616175e-16,0.0,0.0
0.08300000000000006,-1.2906976744186045,0.0,0.0,4.827657932504088e-16,0.0,0.0
0.08400000000000006,-1.2906976744186047,0.0,0.0,4.928587534395863e-16,0.0,0.0
0.08500000000000006,-1.2906976744186045,0.0,0.0,5.033757875862923e-16,0.0,0.0
0.08600000000000006,-1.2906976744186047,0.0,0.0,5.141642290658166e-16,0.0,0.0
0.08700000000000006,-1.2906976744186047,0.0,0.0,5.254276333777727e-16,0.0,0.0
0.08800000000000006,-1.2906976744186047,0.0,0.0,5.373695560217744e-16,0.0,0.0
0.08900000000000007,-1.2906976744186045,0.0,0.0,5.496507378317989e-16,0.0,0.0
0.09000000000000007,-1.2906976744186047,0.0,0.0,5.617962159754142e-16,0.0,0.0
0.09100000000000007,-1.2906976744186047,0.0,0.0,5.740943607437398e-16,0.0,0.0
0.09200000000000007,-1.2906976744186047,0.0,0.0,5.868844313027983e-16,0.0,0.0
0.09300000000000007,-1.2906976744186045,0.0,0.0,6.005226497769138e-16,0.0,0.0
0.09400000000000007,-1.2906976744186047,0.0,0.0,6.143135348757397e-16,0.0,0.0
0.09500000000000007,-1.2906976744186045,0.0,0.0,6.282401236409746e-16,0.0,0.0
0.09600000000000007,-1.2906976744186045,0.0,0.0,6.417765643652834e-16,0.0,0.0
0.09700000000000007,-1.2906976744186047,0.0,0.0,6.554147828393989e-16,0.0,0.0
0.09800000000000007,-1.2906976744186047,0.0,0.0,6.691547790633212e-16,0.0,0.0
0.09900000000000007,-1.2906976744186045,0.0,0.0,6.829626271204482e-16,0.0,0.0
0.10000000000000007,-1.2906976744186045,0.0,0.0,6.97482919426223e-16,0.0,0.0
0.10100000000000008,-1.2906976744186045,0.0,0.0,7.126986930223445e-16,0.0,0.0
0.10200000000000008,-1.2906976741693323,-8.849439656727838e-21,-1.7160694828725818e-05,7.039273958198039e-16,-0.0016522642325443987,4.683913361656375e-19
0.10300000000000008,-1.290697671413102,-6.724058819642201e-21,-5.95876403657855e-05,6.873377059356213e-16,-0.005793735316173243,1.2387132794675909e-18
0.10400000000000008,-1.2906976608269363,-3.0972162266122e-20,-0.00012671674114939324,6.698409268018563e-16,-0.012304302169952926,2.619803652670362e-18
0.10500000000000008,-1.2906976346562826,-5.366974101694497e-20,-0.00021673721428847,6.529751974797931e-16,-0.021035200283314404,4.789271382630073e-18
0.10600000000000008,-1.2906975832380263,-7.125514918623255e-20,-0.0003282077124152193,6.366291790524393e-16,-0.03184672715795407,7.193424730957954e-18
0.10700000000000008,-1.2906974954825896,-9.506803718454163e-20,-0.00045977618867989155,6.21456610138725e-16,-0.0446077372270034,9.424573573919591e-18
0.10800000000000008,-1.2906973592724091,-1.2132100543230596e-19,-0.0006101738687747846,6.059412519501324e-16,-0.05919516274649706,1.2055277689566058e-17
0.10900000000000008,-1.290697161794318,-1.566837730632256e-19,-0.0007782105654605065,5.893031225560834e-16,-0.07549355943978822,1.558368916711676e-17
0.11000000000000008,-1.2906968898149198,-2.172712999974575e-19,-0.0009627702364483457,5.72301199909932e-16,-0.09339467573150473,2.0496704924033288e-17
0.11100000000000008,-1.2906965299068147,-2.6484214047087677e-19,-0.0011628067741429825,5.539249826979203e-16,-0.11279704445331767,2.615598512869978e-17
0.11200000000000009,-1.2906960686326137,-3.2144948591370085e-19,-0.0013773400161976963,5.382764573272641e-16,-0.13360559594886026,3.1421454779233415e-17
0.11300000000000009,-1.290695492692749,-3.7731911223762205e-19,-0.0016054519662746793,5.224517556236941e-16,-0.15573129154923004,3.6938219149815663e-17
0.11400000000000009,-1.290694789042392,-4.505735028505168e-19,-0.001846283214840189,5.072773199134781e-16,-0.17909077643352622,4.272660827944141e-17
0.11500000000000009,-1.2906939449820805,-5.0138092199857e-19,-0.002099029550248095,4.914822936305161e-16,-0.20360605093072406,4.880896237263001e-17
0.11600000000000009,-1.2906929482260692,-5.652453373011248e-19,-0.002362938750782881,4.752131165591276e-16,-0.22920415935981955,5.480270792569389e-17
0.11700000000000009,-1.2906917869519086,-6.206289120101241e-19,-0.002637307548736752,4.573733536175566e-16,-0.2558168955445427,6.09328618869671e-17
0.11800000000000009,-1.2906904498342702,-6.907872968631486e-19,-0.002921478757988102,4.3959300330920505e-16,-0.28338052417701154,6.714095884675677e-17
0.11900000000000009,-1.2906889260656567,-7.564288872013448e-19,-0.0032148385569279484,4.2095952587219053e-16,-0.31183551724147524,7.350395286568764e-17
0.12000000000000009,-1.290687205366263,-8.267466450437978e-19,-0.003516813918949012,4.007196008747736e-16,-0.3411263047447593,8.014027046212992e-17
0.1210000000000001,-1.2906852779841962,-8.97586712428257e-19,-0.003826870298182624,3.7903573686023526e-16,-0.3712010462204188,8.725175961070178e-17
0.1220000000000001,-1.2906831346883163,-9.754000611164005e-19,-0.004144509419820905,3.5958618076801623e-16,-0.4020114320489563,9.500185681001127e-17
0.1230000000000001,-1.2906807667558249,-1.0574112707952572e-18,-0.004469267087233301,3.4238502109700786e-16,-0.43351244819915963,1.0291078073528317e-16
0.1240000000000001,-1.2906781659572486,-1.1479272109775636e-18,-0.004800710877320698,3.2610856614692936e-16,-0.46566216575675845,1.1135584530907021e-16
0.12500000000000008,-1.2906753245363702,-1.2444047792377169e-18,-0.005138438225766002,3.1069359219251584e-16,-0.4984215535806272,1.2050872956541645e-16
0.12600000000000008,-1.2906722351875919,-1.343655640254914e-18,-0.00548207461102382,2.959913883567694e-16,-0.5317543013640402,1.3025142145720175e-16
0.12700000000000009,-1.290668891031485,-1.4449163062213029e-18,-0.005831271832343175,2.789670641732617e-16,-0.5656266525658885,1.4046170660473382e-16
0.12800000000000009,-1.2906652855891185,-1.556080878821651e-18,-0.006185706384266576,2.635274761192389e-16,-0.6000072467020119,1.5040404277857814e-16
0.1290000000000001,-1.2906614127556795,-1.654868903358159e-18,-0.006545077922594947,2.496675359285919e-16,-0.6348669705110157,1.607045319428291e-16
0.1300000000000001,-1.2906572667738208,-1.760965313097595e-18,-0.006909107817047748,2.3627163337478057e-16,-0.6701788175321163,1.709405658252981e-16
0.1310000000000001,-1.290652842207095,-1.8681474576601893e-18,-0.0072775377860774286,2.2380897094465257e-16,-0.70591775565477,1.816706008539649e-16
0.1320000000000001,-1.2906481339137592,-1.985619803788072e-18,-0.0076501286095179265,2.112356461029788e-16,-0.7420606022210879,1.9297924201477806e-16
0.1330000000000001,-1.2906431370211715,-2.0985613680205196e-18,-0.008026658914955475,2.005757537217986e-16,-0.7785859062823719,2.0414607664638393e-16
0.1340000000000001,-1.2906378469009885,-2.212774178347561e-18,-0.008406924033913781,1.9203466033103075e-16,-0.8154738376305455,2.1547277707353977e-16
0.1350000000000001,-1.290632259145267,-2.3384632841929804e-18,-0.008790734924134921,1.8471051145821984e-16,-0.8527060822438499,2.2655279501842823e-16
0.1360000000000001,-1.2906263695436002,-2.4491165663229995e-18,-0.009177917154422411,1.7744699801286996e-16,-0.8902657438039335,2.38681088798381e-16
0.1370000000000001,-1.2906201740613619,-2.576190958532979e-18,-0.009568309948688408,1.7031371698079073e-16,-0.9281372509584344,2.505907941147509e-16
0.1380000000000001,-1.2906136688190801,-2.6937901022540712e-18,-0.009961765286012789,1.6223053531494545e-16,-0.9663062700193696,2.623696107214637e-16
0.1390000000000001,-1.2906068500730088,-2.827860319765371e-18,-0.010358147053683155,1.5430412484535191e-16,-1.0047596228031095,2.7378815824705033e-16
0.1400000000000001,-1.2905997141968761,-2.9394564394363878e-18,-0.010757330250336369,1.4627844653568703e-16,-1.0434852093324893,2.851637702031194e-16
0.1410000000000001,-1.2905922576648203,-3.0629387646926692e-18,-0.011159200236467425,1.4004301154535244e-16,-1.0824719351357028,2.963010216881698e-16
0.1420000000000001,-1.2905844770354895,-3.161273354290761e-18,-0.011563652029710688,1.3270693610700802e-16,-1.1217096428900541,3.0797842667319736e-16
0.1430000000000001,-1.2905763689372949,-3.2936810109612824e-18,-0.011970589642430217,1.2620692912345646e-16,-1.1611890481714733,3.195686777811568e-16
0.1440000000000001,-1.2905679300547657,-3.416711050833403e-18,-0.012379925459281467,1.205067639648175e-16,-1.200901679082902,3.315100647268277e-16
0.1450000000000001,-1.2905591571159833,-3.542622025079454e-18,-0.012791579652527701,1.1428990062737166e-16,-1.2408398195463195,3.4342749438412983e-16
0.1460000000000001,-1.2905500468810494,-3.652174943338145e-18,-0.013205479633007732,1.0639310243014349e-16,-1.2809964560542506,3.5528504330500584e-16
0.1470000000000001,-1.2905405961315342,-3.7711533839300956e-18,-0.013621559534760979,9.815651805263307e-17,-1.3213652276871803,3.6703441082542457e-16
0.1480000000000001,-1.2905308016608712,-3.9032593237818155e-18,-0.014039759731419271,9.064233239507039e-17,-1.361940379213353,3.7880990895605264e-16
0.1490000000000001,-1.2905206602656352,-4.026824690592408e-18,-0.014460026382573583,8.365656959714331e-17,-1.402716717097016,3.9079095913190483e-16
0.1500000000000001,-1.2905101687376728,-4.153171171714571e-18,-0.014882311008418227,7.713054918297208e-17,-1.443689568250283,4.0267427503407654e-16
0.1510000000000001,-1.2904993238570164,-4.261005196054666e-18,-0.015306570091062937,7.090783028115244e-17,-1.484854741372467,4.1463463037708843e-16
0.1520000000000001,-1.290488122385548,-4.397115294635472e-18,-0.01573276470099032,6.408883005561521e-17,-1.5262084907289835,4.2633387506364886e-16
0.1530000000000001,-1.290476561061359,-4.502276307550715e-18,-0.016160860147215114,5.761663530798624e-17,-1.5677474822297712,4.383058770549713e-16
0.1540000000000001,-1.2904646365937626,-4.627809009582673e-18,-0.01659082564977965,5.073272784320974e-17,-1.6094687616746475,4.50082054603483e-16
0.1550000000000001,-1.2904523456589148,-4.752488161870378e-18,-0.017022634033292607,4.439869449107783e-17,-1.6513697250400894,4.618381925796198e-16
0.1560000000000001,-1.2904396848959883,-4.883712210613819e-18,-0.017456261440287033,3.831285407801969e-17,-1.6934480906886942,4.739754675799715e-16
0.1570000000000001,-1.2904266509038844,-5.0046111813255134e-18,-0.01789168706324101,3.370892009165145e-17,-1.7357018733889595,4.858791764380066e-16
0.1580000000000001,-1.2904132402384116,-5.119529870138657e-18,-0.018328892894164985,3.044342998799753e-17,-1.778129360039114,4.978110579943334e-16
0.1590000000000001,-1.290399449409923,-5.250574961505933e-18,-0.01876786349072103,2.749932444714497e-17,-1.8207290869945036,5.097624708893361e-16
0.16000000000000011,-1.2903852748813516,-5.3851816757691384e-18,-0.019208585757894647,2.4648312184891603e-17,-1.8634998189035277,5.218687920771597e-16
0.16100000000000012,-1.2903707130666249,-5.512892725528084e-18,-0.019651048744294082,2.1950988515619412e-17,-1.9064405289623156,5.336938450003337e-16
0.16200000000000012,-1.290355760329433,-5.641947968440671e-18,-0.020095243452202358,1.9333530488757602e-17,-1.9495503805032857,5.461564216768387e-16
0.16300000000000012,-1.2903404129822886,-5.7587587430162e-18,-0.020541162660555848,1.7707917266500208e-17,-1.992828709837407,5.585802959956269e-16
0.16400000000000012,-1.2903246672858928,-5.876912905041142e-18,-0.020988800760069273,1.671782587085531e-17,-2.036275010274437,5.712817479559541e-16
0.16500000000000012,-1.2903085194487538,-6.027083358670998e-18,-0.02143815359976973,1.543045487501666e-17,-2.0798889172496238,5.840642334638618e-16
0.16600000000000012,-1.2902919656270317,-6.153600341403426e-18,-0.021889218344243948,1.3904721402811955e-17,-2.1236701944893546,5.964781338599863e-16
0.16700000000000012,-1.2902750019246108,-6.272001112972392e-18,-0.022341993340942765,1.2104539245809075e-17,-2.1676187211520217,6.092615183185855e-16
0.16800000000000012,-1.2902576243933512,-6.4141023384472785e-18,-0.022796477996921628,1.0078463051963727e-17,-2.2117344798839897,6.218690554672943e-16
0.16900000000000012,-1.2902398290335102,-6.534746416510479e-18,-0.023252672664433757,7.847580121664998e-18,-2.25601754573391,6.341137332546136e-16
0.17000000000000012,-1.2902216117943246,-6.64963690200868e-18,-0.023710578534823494,5.4102675617733364e-18,-2.300468075871896,6.465389627429983e-16
0.17100000000000012,-1.2902029685747216,-6.7838875022305995e-18,-0.0241701975402005,2.8717335198042776e-18,-2.3450863000630924,6.588052421985828e-16
0.17200000000000013,-1.290183895224152,-6.915804542522881e-18,-0.024631532262403905,3.9931835000581746e-19,-2.3898725118480844,6.706611219294948e-16
0.17300000000000013,-1.2901643875435256,-7.032822157753748e-18,-0.02509458584879471,-2.0673947053887338e-18,-2.434827060385319,6.828879815476456e-16
0.17400000000000013,-1.2901444412862422,-7.147281840247707e-18,-0.025559361934440722,-4.539861881396743e-18,-2.479950342913298,6.944569822374119e-16
0.17500000000000013,-1.2901240521593031,-7.27089827501824e-18,-0.02602586457028449,-6.9356004982293085e-18,-2.525242797792768,7.05828689680995e-16
0.17600000000000013,-1.2901032158244856,-7.397837890638147e-18,-0.026494098156907092,-9.41519411065605e-18,-2.5707048980914333,7.178870846300727e-16
0.17700000000000013,-1.290081927899579,-7.516496234471674e-18,-0.026964067383524942,-1.1906692160066716e-17,-2.616337145675927,7.29985475655353e-16
0.17800000000000013,-1.290060183959672,-7.642513712844717e-18,-0.027435777171876764,-1.4314156307877325e-17,-2.6621400657778307,7.417263438718513e-16
0.17900000000000013,-1.2900379795384769,-7.756815543249097e-18,-0.027909232624679203,-1.6751612733912984e-17,-2.708114202002519,7.528840928094532e-16
0.18000000000000013,-1.290015310129686,-7.875948655505033e-18,-0.028384438978347516,-1.92618000228634e-17,-2.754260111751439,7.646816003587072e-16
0.18100000000000013,-1.2899921711883613,-8.005795103464505e-18,-0.028861401559696846,-2.1824191503997955e-17,-2.8005783620301825,7.770927330584429e-16
0.18200000000000013,-1.2899685581323252,-8.13953717861205e-18,-0.02934012574635589,-2.4377935067312808e-17,-2.8470695256163885,7.892816732625281e-16
0.18300000000000013,-1.289944466343589,-8.2475620370724e-18,-0.02982061693064176,-2.6916962286623088e-17,-2.8937341775630534,8.014510837155607e-16
0.18400000000000014,-1.2899198911697742,-8.37870971663297e-18,-0.030302880486658842,-2.945738635480006e-17,-2.940572892014306,8.132097112654742e-16
0.18500000000000014,-1.2898948279255358,-8.500175825140803e-18,-0.03078692174039967,-3.194388735115691e-17,-2.9875862393121038,8.246535790044491e-16
0.18600000000000014,-1.2898692718939972,-8.605955408697966e-18,-0.03127274594263948,-3.443008993790988e-17,-3.0347747833736256,8.365628399129928e-16
0.18700000000000014,-1.2898432183281694,-8.737378737795385e-18,-0.03176035824442844,-3.690858570866167e-17,-3.082139079320368,8.4865549295146075e-16
0.18800000000000014,-1.2898166624523706,-8.873839921077972e-18,-0.03224976367499755,-3.939163393575168e-17,-3.129679671341117,8.611743299154595e-16
0.18900000000000014,-1.2897895994636301,-9.006964255276753e-18,-0.03274096712190626,-4.185851062952665e-17,-3.177397090772102,8.742018237734142e-16
0.19000000000000014,-1.2897620245330816,-9.135072898918988e-18,-0.0332339733132699,-4.427182739210771e-17,-3.225291854378644,8.866969912993756e-16
0.19100000000000014,-1.2897339328073434,-9.252245365435265e-18,-0.0337287868019157,-4.6645945503680324e-17,-3.273364462823617,8.99089762458128e-16
0.19200000000000014,-1.2897053194098804,-9.391072808232852e-18,-0.03422541195132511,-4.8968711913903755e-17,-3.3216153993089534,9.114329753388366e-16
0.19300000000000014,-1.2896761794369676,-9.511852013647105e-18,-0.03472385301443082,-5.111626605602129e-17,-3.3700451340271407,9.242278988708237e-16
0.19400000000000014,-1.2896465079241533,-9.648785645415227e-18,-0.03522411469999563,-5.3079198906523513e-17,-3.4186541811019238,9.373161629771103e-16
0.19500000000000015,-1.2896162998411054,-9.771854671906372e-18,-0.035726202222342775,-5.492296884679063e-17,-3.4674431264644174,9.497268996273974e-16
0.19600000000000015,-1.2895855501450793,-9.902571873316332e-18,-0.0362301203927165,-5.661644726172685e-17,-3.5164125042030836,9.616600960258997e-16
0.19700000000000015,-1.289554253832086,-1.0017348731550998e-17,-0.03673587282260488,-5.827473044217304e-17,-3.5655627142485997,9.735116469604383e-16
0.19800000000000015,-1.2895224059541794,-1.0136663706481731e-17,-0.037243461728768995,-5.995933341975724e-17,-3.6148940372719283,9.855309227492235e-16
0.19900000000000015,-1.2894900016025612,-1.0265694542549807e-17,-0.03775288828897673,-6.163259474163615e-17,-3.6644066538992477,9.970112914615993e-16
0.20000000000000015,-1.2894570359007638,-1.0373328509124769e-17,-0.03826415281478434,-6.328695210554137e-17,-3.714100661491357,1.0088315652206536e-15
0.20100000000000015,-1.2894235039984556,-1.0487224763974121e-17,-0.038777254901936876,-6.491467330153658e-17,-3.76397608875144,1.0209172362518703e-15
0.20200000000000015,-1.28938940106582,-1.0613026075760614e-17,-0.03929219356082541,-6.649951869635278e-17,-3.8140329083978344,1.0328153758459781e-15
0.20300000000000015,-1.2893547222884798,-1.0752132272554889e-17,-0.03980896732918707,-6.804985065709317e-17,-3.864271048113734,1.0447540802117215e-15
0.20400000000000015,-1.2893194628629365,-1.0881459539535514e-17,-0.040327574369007,-6.956459050775453e-17,-3.9146903999638463,1.05687651983241e-15
0.20500000000000015,-1.2892836179924854,-1.1001205374024798e-17,-0.04084801254937673,-7.103400306149152e-17,-3.965290828448219,1.0691239667256308e-15
0.20600000000000016,-1.2892471828835854,-1.1110803478046309e-17,-0.041370279516882755,-7.244886338885108e-17,-4.016072177345819,1.0811137044576176e-15
0.20700000000000016,-1.2892101527426507,-1.1239776741164995e-17,-0.041894372754934656,-7.382052806700616e-17,-4.067034275484599,1.0934141324397322e-15
0.20800000000000016,-1.2891725227732316,-1.1370769966742142e-17,-0.04242028963329632,-7.511767741162568e-17,-4.118176941560624,1.1057604961240918e-15
0.20900000000000016,-1.289134288173579,-1.1485379198948696e-17,-0.04294802744895376,-7.633514963915699e-17,-4.16949998811614,1.1179362759743088e-15
0.21000000000000016,-1.2890954441345504,-1.161214235033654e-17,-0.043477583459335195,-7.749350459273331e-17,-4.2210032247750755,1.1299106618566947e-15
0.21100000000000016,-1.2890559858378345,-1.174096154599573e-17,-0.04400895490879249,-7.858658193089922e-17,-4.272686460824323,1.1414160045193193e-15
0.21200000000000016,-1.2890159084544923,-1.1863462220804012e-17,-0.04454213904916328,-7.963192327413092e-17,-4.324549507219989,1.1533556165469429e-15
0.21300000000000016,-1.2889752071437814,-1.1978183933909406e-17,-0.04507713315514378,-8.064753503208523e-17,-4.376592178089651,1.1655078932174519e-15
0.21400000000000016,-1.2889338770579526,-1.2111348369356097e-17,-0.045613934461242414,-8.163409194606458e-17,-4.428814286802921,1.1778831080244087e-15
0.21500000000000016,-1.288891913356185,-1.2243778036640923e-17,-0.04615253998683863,-8.257119276666462e-17,-4.481215623664573,1.1902085623109754e-15
0.21600000000000016,-1.2888493112122772,-1.2369347796030365e-17,-0.04669294645203302,-8.346876584194711e-17,-4.533795949560805,1.2028988028181996e-15
0.21700000000000016,-1.2888060658118123,-1.2502194832639301e-17,-0.04723515033067786,-8.43235733702019e-17,-4.586555004655673,1.216061773497982e-15
0.21800000000000017,-1.2887621723343596,-1.2629934686494371e-17,-0.047779148084410764,-8.511743548870522e-17,-4.639492525282121,1.2294049746150453e-15
0.21900000000000017,-1.2887176259300852,-1.2758753885295572e-17,-0.04832493644890305,-8.581919672631784e-17,-4.69260828155032,1.2423699929852756e-15
0.22000000000000017,-1.288672421704614,-1.2889211167510037e-17,-0.048872512601366186,-8.645014462016475e-17,-4.745902087113727,1.2550743691065773e-15
0.22100000000000017,-1.2886265547226023,-1.3021194734915074e-17,-0.04942187409381722,-8.7047103157665e-17,-4.799373790743333,1.26793230196379e-15
0.22200000000000017,-1.2885800200147766,-1.3159392524569929e-17,-0.0499730187496292,-8.75729329694343e-17,-4.853023268646261,1.2810109212548335e-15
0.22300000000000017,-1.2885328125827167,-1.3303118125270502e-17,-0.05052594459307358,-8.803111202716591e-17,-4.906850417622907,1.294410103316111e-15
0.22400000000000017,-1.288484927403334,-1.3434995411650205e-17,-0.05108064978676345,-8.842753470706093e-17,-4.960855148990416,1.3086502856831972e-15
0.22500000000000017,-1.2884363594330686,-1.3586503910949147e-17,-0.051637132576302786,-8.872472913597771e-17,-5.015037383205223,1.3231506416199861e-15
0.22600000000000017,-1.2883871036118089,-1.37339704472491e-17,-0.05219539124149741,-8.895665235789077e-17,-5.069397045122101,1.337510113710149e-15
0.22700000000000017,-1.2883371548665605,-1.3877540275737591e-17,-0.05275542405352952,-8.922765292245533e-17,-5.12393405983172,1.3519346543192478e-15
0.22800000000000017,-1.288286508114863,-1.403005002483183e-17,-0.05331722923754039,-8.949650227846014e-17,-5.178648349022955,1.3666837685712483e-15
0.22900000000000018,-1.2882351582679774,-1.4177654620770022e-17,-0.0538808049401114,-8.967470919781085e-17,-5.2335398278203575,1.3812976536257363e-15
0.23000000000000018,-1.288183100233856,-1.4331418052086357e-17,-0.054446149201169844,-8.98718775796932e-17,-5.288608402050985,1.3963280806322607e-15
0.23100000000000018,-1.2881303289199033,-1.4497396685163e-17,-0.05501325992988635,-9.008545499365348e-17,-5.3438539658985045,1.4117821893653717e-15
0.23200000000000018,-1.2880768392355413,-1.465786476507346e-17,-0.055582134884164025,-9.04314963188358e-17,-5.399276399905835,1.4276705446621229e-15
0.23300000000000018,-1.2880226260946026,-1.481825760919784e-17,-0.05615277165335427,-9.095898778348557e-17,-5.454875569290867,1.4439617674007384e-15
0.23400000000000018,-1.2879676844175374,-1.498127201511051e-17,-0.056725167643863775,-9.151208885265784e-17,-5.510651322542744,1.459931953334888e-15
0.23500000000000018,-1.2879120091334806,-1.5142737725048826e-17,-0.057299320067346546,-9.206264232718359e-17,-5.566603490269017,1.4760476002691742e-15
0.23600000000000018,-1.2878555951821489,-1.5307094514095396e-17,-0.05787522593120201,-9.260527126429064e-17,-5.622731884266582,1.4926819110483601e-15
0.23700000000000018,-1.287798437515618,-1.5487712551731704e-17,-0.05845288203112397,-9.311613068233965e-17,-5.67903629679169,1.5096550877863045e-15
0.23800000000000018,-1.2877405310999606,-1.5667470579074237e-17,-0.059032284945470484,-9.369334265418356e-17,-5.735516500006613,1.5271143472413277e-15
0.23900000000000018,-1.2876818709167657,-1.5860388763549436e-17,-0.05961343103124267,-9.43259292886624e-17,-5.79217224558254,1.5458787134178478e-15
0.24000000000000019,-1.287622451964551,-1.605697124779417e-17,-0.06019631642148381,-9.501580825567142e-17,-5.849003264440266,1.5657707320263968e-15
0.2410000000000002,-1.287562269260067,-1.626251683092625e-17,-0.06078093702392483,-9.587059910007273e-17,-5.906009266611915,1.5862786053306464e-15
0.2420000000000002,-1.2875013178395094,-1.648017322894546e-17,-0.061367288520721965,-9.682462629498579e-17,-5.963189941208591,1.607417526442035e-15
0.2430000000000002,-1.2874395927596394,-1.6695149896693346e-17,-0.06195536636914456,-9.784543107670986e-17,-6.0205449564803395,1.6285068730179328e-15
0.2440000000000002,-1.2873770890988263,-1.6923129198287198e-17,-0.06254516580308778,-9.89675522669956e-17,-6.0780739599561135,1.6508864151486945e-15
0.2450000000000002,-1.2873138019580115,-1.7175575571437097e-17,-0.06313668183529574,-1.0015168495836365e-16,-6.135776578652724,1.6748991405772401e-15
0.2460000000000002,-1.2872497264616074,-1.742925751219667e-17,-0.06372990926019349,-1.0142522711559529e-16,-6.193652419342855,1.6989669671648554e-15
0.2470000000000002,-1.2871848577583276,-1.7655264727332643e-17,-0.06432484265723577,-1.0279974950662499e-16,-6.251701068873261,1.7236246783166502e-15
0.2480000000000002,-1.287119191021959,-1.790407668986934e-17,-0.06492147639469129,-1.0421648429198157e-16,-6.30992209452522,1.7480094059230236e-15
0.2490000000000002,-1.2870527214520824,-1.8153343306796692e-17,-0.06551980463378952,-1.0562273597083955e-16,-6.368315044410144,1.7722998123641196e-15
0.25000000000000017,-1.2869854442747415,-1.8401610794544753e-17,-0.06611982133316445,-1.0707854567437831e-16,-6.426879447894035,1.7969657493468583e-15
0.25100000000000017,-1.2869173547430697,-1.8662859892739002e-17,-0.06672152025353881,-1.0863325700058633e-16,-6.4856148160451905,1.8212089670062216e-15
0.25200000000000017,-1.2868484481378657,-1.8898483351059314e-17,-0.06732489496259537,-1.1019912626335202e-16,-6.54452064210015,1.8454241607560486e-15
0.25300000000000017,-1.2867865864282768,-1.9148419013895942e-17,-0.06786195216316479,-1.1004825997925709e-16,-6.596878068730515,1.8693697281091437e-15
0.25400000000000017,-1.2867353382860836,-1.9373594322819098e-17,-0.06830362633022563,-1.0957985750718074e-16,-6.640016249476103,1.8911411202399624e-15
0.25500000000000017,-1.2866938481834123,-1.956785172896234e-17,-0.06865909311433605,-1.093961897740117e-16,-6.6747310952386885,1.9106522135006555e-15
0.25600000000000017,-1.286661380846141,-1.974923492868125e-17,-0.06893596149502845,-1.0947553407413536e-16,-6.70177576816693,1.9284629037271264e-15
0.2570000000000002,-1.2866372032560485,-1.992203422454887e-17,-0.06914140813916207,-1.098407210534154e-16,-6.72184610298908,1.9453768225271603e-15
0.2580000000000002,-1.2866206176339008,-2.008105755978388e-17,-0.06928198561217858,-1.1002768787992994e-16,-6.735580990764323,1.961100294528002e-15
0.2590000000000002,-1.2866109607695573,-2.0233978568599752e-17,-0.06936370281755701,-1.0996330696051866e-16,-6.743566828806386,1.9760537968495447e-15
0.2600000000000002,-1.2866076057011833,-2.0378415948053852e-17,-0.06939207085158033,-1.0983679748228038e-16,-6.746341646406881,1.9903556875150225e-15
0.2610000000000002,-1.2866099627263277,-2.0514095066094254e-17,-0.06937214277908804,-1.0957978942165845e-16,-6.7443989261370385,2.0037435382560027e-15
0.2620000000000002,-1.2866174796320353,-2.0641065700146037e-17,-0.06930855036504911,-1.0924029460205363e-16,-6.738191139863889,2.0163924893686963e-15
0.2630000000000002,-1.2866296413220897,-2.0765213296416614e-17,-0.06920553797105511,-1.0894934010624001e-16,-6.728133018027685,2.0278135339921125e-15
0.2640000000000002,-1.2866459689870269,-2.0873231763686236e-17,-0.06906699381628581,-1.0879485262808814e-16,-6.714604570023958,2.0383470414485117e-15
0.2650000000000002,-1.2866660189354502,-2.0974493924741926e-17,-0.06889647879229063,-1.0875986179073123e-16,-6.697953872752387,2.0483065742993943e-15
0.2660000000000002,-1.286689381182557,-2.10734256422858e-17,-0.06869725301039077,-1.0872155451433168e-16,-6.678499643563868,2.0576306919469073e-15
0.2670000000000002,-1.2867156778730515,-2.1149171889574255e-17,-0.06847230024989329,-1.0865045370216169e-16,-6.656533612979688,2.0659663614159404e-15
0.2680000000000002,-1.2867445613612194,-2.1230770053760638e-17,-0.06822435251855818,-1.0864319828730752e-16,-6.632322849320075,2.0731878974124787e-15
0.2690000000000002,-1.2867757104388586,-2.1295186683529336e-17,-0.06795592838390245,-1.0875996534011603e-16,-6.606113440606568,2.079426703767632e-15
0.2700000000000002,-1.2868088279969863,-2.136045667688332e-17,-0.0676693575287188,-1.0887683524981957e-16,-6.578133543909438,2.0847801490771955e-15
0.2710000000000002,-1.2868436417790419,-2.1407765275014967e-17,-0.06736677717583077,-1.0899728464044115e-16,-6.548592573642864,2.0901059412730956e-15
0.2720000000000002,-1.2868799075672237,-2.1460997850654922e-17,-0.06705010557361392,-1.0909676526094201e-16,-6.517677636250529,2.095343312047503e-15
0.2730000000000002,-1.2869163830843446,-2.1525463977770227e-17,-0.06673006691692218,-1.0917203214579487e-16,-6.4864490687903205,2.1009945660315944e-15
0.2740000000000002,-1.2869524653123752,-2.1582859190813693e-17,-0.06641194190256727,-1.0928867270576595e-16,-6.455394118417096,2.1070291207748338e-15
0.2750000000000002,-1.2869881740080162,-2.1656848787138096e-17,-0.06609558334926627,-1.094625648851805e-16,-6.424513496263943,2.113932986107912e-15
0.2760000000000002,-1.2870235112518318,-2.1736391141762376e-17,-0.0657809987847136,-1.0967256792005896e-16,-6.393807896272627,2.1211488117076736e-15
0.2770000000000002,-1.287058479143169,-2.1811456116997336e-17,-0.06546819555824938,-1.0994628921360726e-16,-6.363277995294198,2.1289448017704375e-15
0.2780000000000002,-1.2870930797992959,-2.1896709436731706e-17,-0.06515718084233875,-1.1027452119893853e-16,-6.33292445323844,2.1369967461314896e-15
0.2790000000000002,-1.2871273153544958,-2.1981482905466844e-17,-0.06484796163463113,-1.1060504288985531e-16,-6.302747913279605,2.1453545983253556e-15
0.2800000000000002,-1.2871611879591158,-2.207113012672847e-17,-0.06454054476051126,-1.1093755838785809e-16,-6.272749002109903,2.154089660286864e-15
0.2810000000000002,-1.2871946997785924,-2.2169157030219174e-17,-0.06423493687606521,-1.1128784909779418e-16,-6.242928330233229,2.1633694661497663e-15
0.2820000000000002,-1.2872278529924488,-2.227673852709249e-17,-0.06393114447139242,-1.1174927579499536e-16,-6.213286492292365,2.1735922158686213e-15
0.2830000000000002,-1.2872606497932835,-2.2385758828630643e-17,-0.0636291738742028,-1.122621764960926e-16,-6.1838240674237355,2.184472060008123e-15
0.2840000000000002,-1.287293092385751,-2.2503967610289142e-17,-0.0633290312536455,-1.1282363218871407e-16,-6.154541619634442,2.1961388097389246e-15
0.2850000000000002,-1.2873251829855419,-2.2634541233017605e-17,-0.06303072262432056,-1.1340689780663247e-16,-6.125439698196914,2.2078864375847946e-15
0.2860000000000002,-1.287356923818365,-2.2764523208781303e-17,-0.06273425385043238,-1.1402887498278622e-16,-6.096518838057075,2.2197845721709637e-15
0.2870000000000002,-1.2873883171189473,-2.2873361098530313e-17,-0.06243963065004751,-1.1464743301979307e-16,-6.067779560252386,2.2321734272996817e-15
0.2880000000000002,-1.287419365130029,-2.3007157494783614e-17,-0.0621468585994235,-1.153002869299725e-16,-6.0392223723366,2.2448857826439893e-15
0.2890000000000002,-1.2874500701013898,-2.3141188976706255e-17,-0.0618559431373808,-1.1594035990363884e-16,-6.010847768808413,2.2571840556439773e-15
0.2900000000000002,-1.2874804342888848,-2.3276503576469826e-17,-0.061566889569692404,-1.1657246011402727e-16,-5.982656231541567,2.269421246795874e-15
0.2910000000000002,-1.2875104599534992,-2.3409071301067162e-17,-0.06127970307346877,-1.1717605599481578e-16,-5.9546482302142625,2.2820522696355195e-15
0.2920000000000002,-1.2875401493604268,-2.3524484772355396e-17,-0.06099438870151932,-1.1778639791773153e-16,-5.926824222736034,2.2946509198619294e-15
0.2930000000000002,-1.2875695047781746,-2.3656321926914654e-17,-0.06071095138667376,-1.1838323931875135e-16,-5.899184655670446,2.306918656967897e-15
0.2940000000000002,-1.2875985284776836,-2.37742871439195e-17,-0.060429395946049,-1.1897745275157985e-16,-5.871729964652224,2.318593190661809e-15
0.2950000000000002,-1.287627222731482,-2.38993220437528e-17,-0.060149727085248295,-1.1954614334314525e-16,-5.8444605747976475,2.3304522961406824e-15
0.2960000000000002,-1.287655589812852,-2.4036614455115017e-17,-0.05987194940248346,-1.2014632857247746e-16,-5.817376901107127,2.3429244692598156e-15
0.2970000000000002,-1.2876836319950389,-2.415514563323321e-17,-0.05959606739261037,-1.207078033113247e-16,-5.79047934885916,2.3553919467297423e-15
0.2980000000000002,-1.2877113515504701,-2.4278548843022857e-17,-0.05932208545107037,-1.212061538561354e-16,-5.763768313994885,2.367246206844757e-15
0.2990000000000002,-1.2877387507500109,-2.4406171482143504e-17,-0.059050007877730924,-1.2171246688991382e-16,-5.73724418349267,2.3790429588382966e-15
0.3000000000000002,-1.2877658318622403,-2.4530100757863015e-17,-0.05877983888062116,-1.2226740849363932e-16,-5.710907335732229,2.3910970993790165e-15
0.3010000000000002,-1.2877925971527533,-2.4657354584399188e-17,-0.058511582579557506,-1.2283866072688672e-16,-5.684758140847856,2.4036853122708283e-15
0.3020000000000002,-1.2878190488834895,-2.4781332572185145e-17,-0.05824524300965639,-1.2342653210603833e-16,-5.658796961070517,2.4162483157577704e-15
0.3030000000000002,-1.287845189312085,-2.4911090176768665e-17,-0.05798082412473184,-1.2395242473384068e-16,-5.633024151058526,2.428572183351095e-15
0.3040000000000002,-1.287871020691253,-2.5040979183081795e-17,-0.057718329800576215,-1.244356207187633e-16,-5.607440058216689,2.440903881340548e-15
0.3050000000000002,-1.2878965452681845,-2.5169264373889645e-17,-0.05745776383812265,-1.2492708663685083e-16,-5.582045023003795,2.452667743759333e-15
0.3060000000000002,-1.2879217652839707,-2.5294434576085458e-17,-0.05719912996648922,-1.2537754516183275e-16,-5.556839379228438,2.464672324663678e-15
0.3070000000000002,-1.2879466829730548,-2.541258589912543e-17,-0.05694243184590471,-1.2577828438305677e-16,-5.531823454333164,2.477179506292374e-15
0.3080000000000002,-1.2879713005627014,-2.5543369154304857e-17,-0.05668767307051635,-1.2608637002411657e-16,-5.506997569667021,2.489326515577293e-15
0.3090000000000002,-1.287995620272484,-2.5674325909872274e-17,-0.056434857171080544,-1.263823204053497e-16,-5.482362040746569,2.501855210425312e-15
0.3100000000000002,-1.288019644313807,-2.5800925844993706e-17,-0.05618398761753811,-1.2673193488523022e-16,-5.457917177505525,2.5139549034053158e-15
0.3110000000000002,-1.2880433748894298,-2.5927419882554443e-17,-0.05593506782147445,-1.2716983880870393e-16,-5.433663284533164,2.5258438281850107e-15
0.3120000000000002,-1.2880668141930258,-2.6050907039257705e-17,-0.05568810113846819,-1.2762016113587915e-16,-5.409600661301675,2.5380598260704887e-15
0.3130000000000002,-1.2880899644087527,-2.617706065574791e-17,-0.05544309087032909,-1.2806356827585518e-16,-5.385729602382662,2.550257627510208e-15
0.3140000000000002,-1.2881128277108402,-2.630456878270474e-17,-0.055200040267227204,-1.284746125560567e-16,-5.362050397653047,2.5620077820270578e-15
0.3150000000000002,-1.2881354062632004,-2.6427136659386087e-17,-0.054958952529717234,-1.2885871899281644e-16,-5.338563332490592,2.574000451970622e-15
0.3160000000000002,-1.2881577022190531,-2.6545228114947722e-17,-0.05471983081065929,-1.2933432162481958e-16,-5.315268687959285,2.5864352804843826e-15
0.3170000000000002,-1.2881797177205645,-2.6680735182823997e-17,-0.05448267821703903,-1.298280794013534e-16,-5.292166740984896,2.598803736821737e-15
0.3180000000000002,-1.2882014548985017,-2.680420288236997e-17,-0.05424749781169022,-1.3027641222296617e-16,-5.269257764520943,2.6105985627674184e-15
0.31900000000000023,-1.28822291587191,-2.692892130718138e-17,-0.05401429261492273,-1.3073076429893055e-16,-5.246542027705382,2.6223365384962487e-15
0.32000000000000023,-1.288244102747794,-2.704888410452218e-17,-0.053783065606058465,-1.3122127244898292e-16,-5.22401979600828,2.634379575191457e-15
0.32100000000000023,-1.2882650176208157,-2.7184390099926845e-17,-0.05355381972487808,-1.31691006540253e-16,-5.20169133137081,2.6467319251836582e-15
0.32200000000000023,-1.2882856625730073,-2.730388355403472e-17,-0.05332655787298261,-1.3214560858793046e-16,-5.179556892335817,2.6592971405471497e-15
0.32300000000000023,-1.2883060396734982,-2.7431569515485712e-17,-0.0531012829150716,-1.3259702614437273e-16,-5.1576167341702925,2.6717180720243617e-15
0.32400000000000023,-1.2883261509782502,-2.756002085026838e-17,-0.052877997680141876,-1.3299289691856722e-16,-5.1358711089800515,2.6835749827203894e-15
0.32500000000000023,-1.288345998529797,-2.7672468198384714e-17,-0.05265670496260884,-1.33326988348527e-16,-5.114320265816889,2.695469978639284e-15
0.32600000000000023,-1.288365584357015,-2.780437331303588e-17,-0.05243740752335581,-1.3359635202887164e-16,-5.092964450778546,2.7075095265860808e-15
0.32700000000000023,-1.2883849104748835,-2.79261059594706e-17,-0.052220108090710315,-1.339260841650978e-16,-5.071803907101761,2.7198352043596857e-15
0.32800000000000024,-1.2884039788842625,-2.8055481628592646e-17,-0.05200480936135459,-1.343288156637466e-16,-5.050838875248705,2.73219840477299e-15
0.32900000000000024,-1.2884227915716804,-2.819014307790991e-17,-0.05179151400117015,-1.3480788288572703e-16,-5.030069592987093,2.7445361505596046e-15
0.33000000000000024,-1.2884413505091301,-2.8309311662234444e-17,-0.05158022464602122,-1.352877849412044e-16,-5.009496295464252,2.756860128446622e-15
0.33100000000000024,-1.2884596576538716,-2.843830886585212e-17,-0.051370943902478594,-1.357230576787035e-16,-4.989119215275415,2.7689082804367577e-15
0.33200000000000024,-1.2884777149482425,-2.8567887054366114e-17,-0.05116367434848735,-1.3615933555039412e-16,-4.968938582526549,2.780863417481656e-15
0.33300000000000024,-1.2884955243194796,-2.868854316133026e-17,-0.05095841853398146,-1.3663487346581626e-16,-4.94895462489194,2.7929191308732728e-15
0.33400000000000024,-1.288513087679539,-2.8803883312565644e-17,-0.05075517898144686,-1.371126719812281e-16,-4.929167567666825,2.805005159996887e-15
0.33500000000000024,-1.2885304069249326,-2.8931721898566795e-17,-0.05055395818643665,-1.3761315407808805e-16,-4.909577633815327,2.817309218943833e-15
0.33600000000000024,-1.2885474839365652,-2.905741946352336e-17,-0.05035475861804069,-1.3811255943513748e-16,-4.890185044013916,2.8298125667067894e-15
0.33700000000000024,-1.288564320579577,-2.9190308209257875e-17,-0.050157582719311505,-1.3861910542985956e-16,-4.870990016690674,2.8420982228578325e-15
0.33800000000000024,-1.2885809187031905,-2.931842637748283e-17,-0.04996243290764944,-1.3910313681525176e-16,-4.85199276806056,2.8541267949143355e-15
0.33900000000000025,-1.288597280140572,-2.9449102976986975e-17,-0.04976931157514948,-1.3954786905995842e-16,-4.833193512156933,2.8662625241968076e-15
0.34000000000000025,-1.2886134067086832,-2.957019746692977e-17,-0.0495782210889113,-1.4000168554400787e-16,-4.814592460859523,2.8789941579893236e-15
0.34100000000000025,-1.2886293002081506,-2.9712873301463143e-17,-0.04938916379131553,-1.4052830558918694e-16,-4.796189823919091,2.892260727120228e-15
0.34200000000000025,-1.2886449624231298,-2.9850743708492755e-17,-0.04920214200026728,-1.4100446417900798e-16,-4.777985808978953,2.9049473445555456e-15
0.34300000000000025,-1.2886603951211788,-2.997556672759568e-17,-0.04901715800941027,-1.4144936752232622e-16,-4.759980621593583,2.9176496951939486e-15
0.34400000000000025,-1.2886756000531354,-3.010615810153899e-17,-0.04883421408831212,-1.4191179859443554e-16,-4.7421744652444815,2.9306336589770953e-15
0.34500000000000025,-1.288690578952994,-3.024677707653555e-17,-0.0486533124826238,-1.4230754159255973e-16,-4.724567541353471,2.9435919600932373e-15
0.34600000000000025,-1.288705333537788,-3.0395848160631226e-17,-0.04847445541421384,-1.4269281663175165e-16,-4.70716004929363,2.9569501132019036e-15
0.34700000000000025,-1.2887198655074803,-3.052495211806667e-17,-0.048297645081280406,-1.4310078588260845e-16,-4.689952186397983,2.9704579943170304e-15
0.34800000000000025,-1.2887341765448472,-3.065518374040681e-17,-0.04812288365844155,-1.4351717341855327e-16,-4.6729441479661515,2.9841381134597313e-15
0.34900000000000025,-1.288748268315372,-3.080368673283361e-17,-0.04795017329680575,-1.4391820677809458e-16,-4.656136127269085,2.9977359565734312e-15
0.35000000000000026,-1.2887621424671398,-3.094831120832024e-17,-0.04777951612402462,-1.4437135404032026e-16,-4.63952831555203,3.011617503663849e-15
0.35100000000000026,-1.2887758006307344,-3.1091534333502765e-17,-0.04761091424432823,-1.4479449043993327e-16,-4.6231209020358754,3.025291712845146e-15
0.35200000000000026,-1.2887892444191351,-3.123102076168859e-17,-0.04744436973854538,-1.4517785876202896e-16,-4.6069140739169985,3.0390865323917506e-15
0.35300000000000026,-1.2888024754276195,-3.135841082286182e-17,-0.04727988466410918,-1.4553934819864116e-16,-4.590908016365744,3.0526176956552372e-15
0.35400000000000026,-1.288815495233669,-3.14950757304e-17,-0.04711746105505016,-1.45868458604126e-16,-4.575102912523647,3.064881442172356e-15
0.35500000000000026,-1.2888283053968679,-3.161571859967526e-17,-0.04695710092197676,-1.4622027928174728e-16,-4.5594989434995155,3.076934107943508e-15
0.35600000000000026,-1.2888409074588205,-3.1741656982176106e-17,-0.046798806252045924,-1.465467460114809e-16,-4.544096288364474,3.0889398063440104e-15
0.35700000000000026,-1.2888533029430507,-3.1876445576076084e-17,-0.04664257900892295,-1.4681280378184535e-16,-4.528895124146078,3.1009173811610605e-15
0.35800000000000026,-1.2888654933549166,-3.199388543809265e-17,-0.046488421132733035,-1.470545227009998e-16,-4.513895625821577,3.1130372849241146e-15
0.35900000000000026,-1.288877480181524,-3.2122276913015104e-17,-0.04633633454000501,-1.4727682442093367e-16,-4.499097966310433,3.1253187952721632e-15
0.36000000000000026,-1.288889264891637,-3.224251746367919e-17,-0.046186321123607675,-1.4749280757366005e-16,-4.484502316466165,3.137250437579956e-15
0.36100000000000027,-1.2889008489355933,-3.2364628903721925e-17,-0.046038382752679824,-1.4766243952415902e-16,-4.4701088450676005,3.149125879448067e-15
0.36200000000000027,-1.2889122337452268,-3.2499725255001437e-17,-0.04589252127255537,-1.4783603133179102e-16,-4.455917718809613,3.16140170845781e-15
0.36300000000000027,-1.288923420733779,-3.261503666366817e-17,-0.045748738504682654,-1.4801775888828283e-16,-4.441929102293411,3.1735406467863138e-15
0.36400000000000027,-1.288934411295818,-3.2744018964134105e-17,-0.045607036246540514,-1.4823907765933986e-16,-4.428143158016431,3.1860200511090485e-15
0.36500000000000027,-1.2889452068071647,-3.289170586948887e-17,-0.04546741627155031,-1.4850211514831572e-16,-4.414560046361928,3.1991280509451863e-15
0.36600000000000027,-1.288955808624811,-3.301867277134372e-17,-0.0453298803289852,-1.487768617453009e-16,-4.40117992558827,3.2122363357152927e-15
0.36700000000000027,-1.288966218086839,-3.316181100519818e-17,-0.04519443014387669,-1.4904168883668126e-16,-4.388002951818034,3.2256400197532113e-15
0.36800000000000027,-1.2889764365123555,-3.3302358263929456e-17,-0.04506106741691955,-1.4935766332536875e-16,-4.375029279026929,3.239674831222465e-15
0.36900000000000027,-1.2889864652014036,-3.345120661427863e-17,-0.04492979382437497,-1.4967290322081603e-16,-4.3622590590325885,3.2539797107604155e-15
0.3700000000000003,-1.288996305434899,-3.360255132166113e-17,-0.04480061101797278,-1.4996435566240476e-16,-4.349692441483287,3.2687363631546254e-15
0.3710000000000003,-1.2890059584745541,-3.375355775074599e-17,-0.044673520624813154,-1.502107004161477e-16,-4.337329573846611,3.2833091513026518e-15
0.3720000000000003,-1.289015425562807,-3.389984006588838e-17,-0.04454852424726741,-1.5045854140186236e-16,-4.325170601398105,3.298214516861224e-15
0.3730000000000003,-1.2890247079227477,-3.4061035149856064e-17,-0.044425623462879406,-1.5074011342747798e-16,-4.313215667209967,3.314156968376353e-15
0.3740000000000003,-1.2890338067580527,-3.423904337291621e-17,-0.04430481982426688,-1.5102525892551394e-16,-4.301464912139763,3.330449302741383e-15
0.3750000000000003,-1.289042723252913,-3.4420864856986074e-17,-0.04418611485902335,-1.5131810648228185e-16,-4.28991847481924,3.347414496060506e-15
0.3760000000000003,-1.2890514585719715,-3.4599409447584435e-17,-0.04406951006962117,-1.5160470693715162e-16,-4.278576491643236,3.36552730998428e-15
0.3770000000000003,-1.289060013860248,-3.4789903253456316e-17,-0.04395500693331485,-1.51954799263295e-16,-4.267439096758699,3.384713288320373e-15
0.3780000000000003,-1.2890683902430817,-3.499957472313291e-17,-0.04384260690204653,-1.5234768963547112e-16,-4.256506422053873,3.4047012161909607e-15
0.3790000000000003,-1.289076588826063,-3.5218184670215875e-17,-0.043732311402352175,-1.5271450278693583e-16,-4.245778597147621,3.424570536434284e-15
0.3800000000000003,-1.2890846106949694,-3.541706036587865e-17,-0.04362412183526938,-1.5307731829977921e-16,-4.235255749378934,3.4452496518298743e-15
0.3810000000000003,-1.2890924569157063,-3.5631272615911324e-17,-0.043518039576247475,-1.5344450001499872e-16,-4.2249380037966295,3.4655577058863664e-15
0.3820000000000003,-1.289100128534243,-3.584514959330798e-17,-0.04341406597505828,-1.5380867484326053e-16,-4.214825483149248,3.4864502338468956e-15
0.3830000000000003,-1.2891076265765422,-3.607135818792563e-17,-0.04331220235571012,-1.5418819511605069e-16,-4.204918307875162,3.5085605237742915e-15
0.3840000000000003,-1.2891149520485212,-3.6309503471223214e-17,-0.04321245001636283,-1.5459004832232836e-16,-4.195216596092905,3.53129405947533e-15
0.3850000000000003,-1.2891221059359803,-3.6541856639726916e-17,-0.04311481022924545,-1.549953901280775e-16,-4.185720463591734,3.553998918584109e-15
0.3860000000000003,-1.2891290892045455,-3.677314223089031e-17,-0.043019284240575655,-1.5542278520380666e-16,-4.176430023822409,3.576997545703228e-15
0.3870000000000003,-1.2891359027996128,-3.7016621178387577e-17,-0.042925873270481446,-1.558670037763648e-16,-4.167345387888243,3.6005464419763675e-15
0.3880000000000003,-1.2891425476462957,-3.726747538816737e-17,-0.042834578512925534,-1.563193625224239e-16,-4.158466664536363,3.62464819980893e-15
0.3890000000000003,-1.2891490246493675,-3.7522406592033457e-17,-0.0427454011356313,-1.5676809432613175e-16,-4.149793960149235,3.6486274219886394e-15
0.3900000000000003,-1.2891553346932105,-3.7765516919986804e-17,-0.042658342280011544,-1.572197630989574e-16,-4.141327378736437,3.672780348145656e-15
0.3910000000000003,-1.2891614786417593,-3.80232047921081e-17,-0.04257340306109919,-1.5769971058738273e-16,-4.13306702192668,3.696758977465348e-15
0.3920000000000003,-1.289167457338455,-3.825919977099833e-17,-0.0424905845674806,-1.58216155632775e-16,-4.125012988960069,3.721095461150042e-15
0.3930000000000003,-1.2891732716061928,-3.850446601256592e-17,-0.04240988786123096,-1.5873564577109054e-16,-4.117165376680636,3.745322380502272e-15
0.3940000000000003,-1.2891789222472698,-3.875931082338263e-17,-0.04233131397785186,-1.5925546777508132e-16,-4.109524279529096,3.769712254517432e-15
0.3950000000000003,-1.289184410043345,-3.902460758712632e-17,-0.04225486392621152,-1.5974584005661294e-16,-4.1020897895358726,3.793542563241239e-15
0.3960000000000003,-1.2891897357553808,-3.9256010948580524e-17,-0.0421805386884867,-1.602475027909122e-16,-4.094861996314346,3.818277067793691e-15
0.3970000000000003,-1.2891949001236092,-3.9522176907063346e-17,-0.042108339220107385,-1.60723292019195e-16,-4.087840987054373,3.8423973491663964e-15
0.3980000000000003,-1.2891999038674813,-3.9752155374116784e-17,-0.042038266449703064,-1.6118410055118618e-16,-4.081026846516016,3.866572002942273e-15
0.3990000000000003,-1.289204747685624,-4.000078672962972e-17,-0.04197032127905181,-1.6162798488260014e-16,-4.07441965702352,3.890859355460885e-15
0.4000000000000003,-1.2892094322557959,-4.025947166195987e-17,-0.04190450458303051,-1.620466463470903e-16,-4.068019498459531,3.914354907788622e-15
0.4010000000000003,-1.2892139582348514,-4.049296565852235e-17,-0.04184081720956827,-1.6248799546867345e-16,-4.061826448259529,3.937956053069031e-15
0.4020000000000003,-1.2892183262586998,-4.075436974781578e-17,-0.04177925997960104,-1.629347605665243e-16,-4.055840581406483,3.96182669503912e-15
0.4030000000000003,-1.2892225369422599,-4.1006335634185996e-17,-0.0417198336870281,-1.633810964445418e-16,-4.050061970425738,3.9862102555619385e-15
0.4040000000000003,-1.2892265908794327,-4.1254523164282793e-17,-0.041662539098671354,-1.6379909063018485e-16,-4.0444906853801035,4.010773100181728e-15
0.4050000000000003,-1.289230488643057,-4.148517332332134e-17,-0.04160737695423523,-1.6420376517961547e-16,-4.039126793865159,4.035249431056679e-15
0.4060000000000003,-1.289234230784877,-4.174306038256134e-17,-0.0415543479662693,-1.6457734480441573e-16,-4.033970361004748,4.059623806991323e-15
0.4070000000000003,-1.28923781783551,-4.200973913576683e-17,-0.041503452820132285,-1.6491530178736368e-16,-4.029021449446692,4.083771698248024e-15
0.4080000000000003,-1.2892412503044142,-4.225109890623516e-17,-0.041454692173957836,-1.6521625961161235e-16,-4.024280119358686,4.107461842055033e-15
0.4090000000000003,-1.289244528679853,-4.2483064413984574e-17,-0.04140806665862166,-1.6552611031408138e-16,-4.019746428424373,4.131755358656346e-15
0.4100000000000003,-1.28924765342887,-4.2744286713647534e-17,-0.04136357687771055,-1.658341805698682e-16,-4.015420431839613,4.1553674972226566e-15
0.4110000000000003,-1.2892506249972553,-4.296645854892856e-17,-0.04132122340749288,-1.6615655978581268e-16,-4.011302182308929,4.17877926563536e-15
0.4120000000000003,-1.2892534438095236,-4.3213833365315367e-17,-0.04128100679689005,-1.6649684853979684e-16,-4.007391730042111,4.202293897146632e-15
0.4130000000000003,-1.289256110268883,-4.346215676387457e-17,-0.041242927567450294,-1.6685395367437954e-16,-4.003689122750999,4.2259949567934656e-15
0.4140000000000003,-1.2892586247572144,-4.370113341438981e-17,-0.04120698621332265,-1.6720746253285112e-16,-4.000194405646415,4.249473283674401e-15
0.4150000000000003,-1.2892609876350418,-4.3942180176833255e-17,-0.0411731832012331,-1.6755038906850265e-16,-3.9969076214352532,4.2730463454449556e-15
0.4160000000000003,-1.2892631992415202,-4.4195316026440956e-17,-0.04114151897046166,-1.6789244898877883e-16,-3.9938288103177286,4.296807075505354e-15
0.4170000000000003,-1.289265259894402,-4.44500895959216e-17,-0.04111199393282018,-1.682691284433446e-16,-3.9909580099847477,4.321025755248376e-15
0.4180000000000003,-1.2892671698900249,-4.4691633753713927e-17,-0.041084608472632025,-1.68657276519449e-16,-3.9882952556154385,4.345333733863114e-15
0.4190000000000003,-1.289268929503294,-4.493463253761316e-17,-0.04105936294671221,-1.6903817684701133e-16,-3.9858405798747993,4.36985084024055e-15
0.4200000000000003,-1.2892705389876638,-4.519104827721497e-17,-0.04103625768434886,-1.6938643907762971e-16,-3.9835940129114804,4.393499932691855e-15
0.4210000000000003,-1.289271998575119,-4.543463275189238e-17,-0.04101529298728525,-1.6973373919304353e-16,-3.981555582355695,4.416846299737242e-15
0.4220000000000003,-1.2892733084761652,-4.5678891090390235e-17,-0.040996469129703214,-1.7008651217802995e-16,-3.9797253133172297,4.440840621324335e-15
0.4230000000000003,-1.289274468879811,-4.593100100505658e-17,-0.04097978635820686,-1.7043795580959647e-16,-3.978103228383591,4.465106215481673e-15
0.4240000000000003,-1.2892754799535628,-4.6181583917488905e-17,-0.040965244891807626,-1.7076376483977663e-16,-3.976689347618238,4.488989239580498e-15
0.4250000000000003,-1.289276341843407,-4.6396035949901126e-17,-0.0409528449219096,-1.710427162425954e-16,-3.975483688558938,4.512450623051789e-15
0.4260000000000003,-1.2892770546738106,-4.665951772526305e-17,-0.04094258661229595,-1.7133057401670294e-16,-3.9744862662162044,4.536122946579578e-15
0.4270000000000003,-1.2892776185477022,-4.689146885809358e-17,-0.04093447009911538,-1.7167874817015279e-16,-3.9736970930718414,4.5602752768060285e-15
0.4280000000000003,-1.2892780335464746,-4.713997871525502e-17,-0.04092849549087008,-1.720540021745812e-16,-3.973116179077573,4.583981526717517e-15
0.4290000000000003,-1.2892782997299772,-4.740411136492217e-17,-0.04092466286840335,-1.7248517046893025e-16,-3.9727435316537583,4.608037990340188e-15
0.4300000000000003,-1.2892784171365146,-4.765678889710332e-17,-0.0409229722848885,-1.7295310959895218e-16,-3.972579155688195,4.632357267151192e-15
0.4310000000000003,-1.289278385782839,-4.788319687169175e-17,-0.04092342376581758,-1.734452965004623e-16,-3.972623053534988,4.656933875163129e-15
0.43200000000000033,-1.2892782056641574,-4.813273169444989e-17,-0.04092601730899098,-1.7394423476386588e-16,-3.9728752250135133,4.68098771511805e-15
0.43300000000000033,-1.289277876754127,-4.8399229757467807e-17,-0.0409307528845073,-1.744439612747505e-16,-3.9733356674074303,4.704836275972237e-15
0.43400000000000033,-1.2892773990048594,-4.862886855401569e-17,-0.0409376304347536,-1.7494843286390062e-16,-3.9740043754637733,4.729174151147214e-15
0.43500000000000033,-1.2892767723469245,-4.8892212945370326e-17,-0.04094664987439596,-1.75429244043672e-16,-3.9748813413921087,4.753733452740197e-15
0.43600000000000033,-1.289275996689353,-4.9134805982620163e-17,-0.0409578110903701,-1.7591431202266956e-16,-3.9759665548637484,4.778074962415352e-15
0.43700000000000033,-1.2892750719196484,-4.938273858383976e-17,-0.04097111394187306,-1.7642700292563275e-16,-3.977260003011023,4.802092123127697e-15
0.43800000000000033,-1.2892739979037902,-4.963952116583872e-17,-0.04098655826035409,-1.7695000373856395e-16,-3.9787616704266044,4.825954304260093e-15
0.43900000000000033,-1.2892727744862422,-4.9853940421460117e-17,-0.041004143849506326,-1.7746145898272566e-16,-3.9804715391628873,4.849348298131791e-15
0.44000000000000034,-1.2892714014899702,-5.010856831263582e-17,-0.041023870485258754,-1.779786493522941e-16,-3.98238958873142,4.872543747502312e-15
0.44100000000000034,-1.289269878716446,-5.0345511816227263e-17,-0.04104573791576792,-1.7848633917020728e-16,-3.9845157961023663,4.895994782333126e-15
0.44200000000000034,-1.2892682059456666,-5.0591559362103686e-17,-0.04106974586140991,-1.789892535468072e-16,-3.9868501357040365,4.9196824984520165e-15
0.44300000000000034,-1.2892663829361655,-5.083390988711307e-17,-0.04109589401477273,-1.7956623369079097e-16,-3.989392579422429,4.943539777905157e-15
0.44400000000000034,-1.289264409425033,-5.109405213408607e-17,-0.04112418204064822,-1.801721162245059e-16,-3.9921430966008447,4.966923900206457e-15
0.44500000000000034,-1.2892622851279294,-5.1338049632272396e-17,-0.04115460957602447,-1.8079441742959527e-16,-3.9951016540395083,4.990846410730622e-15
0.44600000000000034,-1.2892600097391098,-5.1570873520331057e-17,-0.04118717623007828,-1.8142861048361443e-16,-3.9982682159952336,5.014838868365418e-15
0.44700000000000034,-1.2892575829314408,-5.180681535864811e-17,-0.04122188158416709,-1.8207310985681058e-16,-4.001642744181137,5.038579416395204e-15
0.44800000000000034,-1.289255004356429,-5.206201320409494e-17,-0.04125872519182176,-1.8273500816036826e-16,-4.00522519776635,5.062135394810034e-15
0.44900000000000034,-1.2892522736442176,-5.229775957197425e-17,-0.041297706578737825,-1.834031674126788e-16,-4.009015533375794,5.0852491794626395e-15
0.45000000000000034,-1.2892493904036704,-5.252977138020621e-17,-0.04133882524276972,-1.8409420073986942e-16,-4.013013705089956,5.108561066387913e-15
0.45100000000000035,-1.2892463542223258,-5.2765772643781205e-17,-0.0413820806539206,-1.8479862696238692e-16,-4.017219664444699,5.132145758460617e-15
0.45200000000000035,-1.2892431646664777,-5.302087332852906e-17,-0.0414274722543361,-1.8550758848858106e-16,-4.021633360431103,5.155258928202932e-15
0.45300000000000035,-1.289239821281187,-5.3256334920992476e-17,-0.0414749994582959,-1.8620508100051366e-16,-4.026254739495316,5.179048678679848e-15
0.45400000000000035,-1.2892363235903073,-5.349356425866386e-17,-0.04152466165220543,-1.86849832433603e-16,-4.031083745538434,5.202733997281213e-15
0.45500000000000035,-1.2892326710965243,-5.372878255411368e-17,-0.04157645819458798,-1.8740834152898554e-16,-4.036120319916396,5.2261088410178036e-15
0.45600000000000035,-1.2892288632813873,-5.3972853885522263e-17,-0.041630388416076164,-1.8791355365400924e-16,-4.041364401439897,5.2493734238807765e-15
0.45700000000000035,-1.289224899605349,-5.421732944388939e-17,-0.041686451619403986,-1.8839908229831347e-16,-4.0468159263743235,5.272675819368665e-15
0.45800000000000035,-1.2892207795077895,-5.445963531733634e-17,-0.04174464707939741,-1.888435399094763e-16,-4.0524748284396965,5.296306421969907e-15
0.45900000000000035,-1.2892165024070659,-5.46954960397536e-17,-0.041804974042966396,-1.892669472976071e-16,-4.058341038810641,5.320030912442866e-15
0.46000000000000035,-1.2892120677005516,-5.4953167904787396e-17,-0.04186743172909592,-1.8964204528829847e-16,-4.064414486116356,5.343923032630342e-15
0.46100000000000035,-1.289207474764667,-5.5209844173495834e-17,-0.04193201932883657,-1.8997623758381642e-16,-4.070695096440607,5.368132680343781e-15
0.46200000000000035,-1.289202722954933,-5.545828866859342e-17,-0.0419987360052957,-1.9030055514565745e-16,-4.077182793321726,5.391973793641387e-15
0.46300000000000036,-1.2891978116060072,-5.569788001927512e-17,-0.04206758089362771,-1.9062344863740965e-16,-4.083877497752629,5.416274970732145e-15
0.46400000000000036,-1.2891927400317336,-5.594546753310228e-17,-0.04213855310102489,-1.9092214618776056e-16,-4.090779128180833,5.439609721309173e-15
0.46500000000000036,-1.2891875075251873,-5.618141289321061e-17,-0.04221165170670742,-1.9116088267375418e-16,-4.097887600508497,5.463097990487045e-15
0.46600000000000036,-1.2891821133587191,-5.643891477844849e-17,-0.04228687576191316,-1.9136779478908213e-16,-4.105202828092468,5.48705367961957e-15
0.46700000000000036,-1.2891765567840137,-5.668781907639328e-17,-0.042364224289888355,-1.915721123178592e-16,-4.112724721744324,5.511750451451115e-15
0.46800000000000036,-1.289170837032132,-5.692399696490059e-17,-0.04244369628587645,-1.917331805006691e-16,-4.120453189730443,5.536280455953384e-15
0.46900000000000036,-1.2891649533135654,-5.716856573173336e-17,-0.04252529071710783,-1.9184726672715024e-16,-4.12838813777208,5.560405766254779e-15
0.47000000000000036,-1.289158904818294,-5.742078327654847e-17,-0.042609006522789324,-1.9194302201256432e-16,-4.136529469045423,5.584559622087249e-15
0.47100000000000036,-1.2891526907158348,-5.7676032919234e-17,-0.04269484261409302,-1.9203491870935583e-16,-4.144877084181704,5.6087720791873686e-15
0.47200000000000036,-1.2891463101553051,-5.791832727904545e-17,-0.04278279787414535,-1.9210720771647412e-16,-4.153430881267271,5.63298911784147e-15
0.47300000000000036,-1.2891397622654746,-5.817255613555259e-17,-0.04287287115801551,-1.9218871170075424e-16,-4.162190755843701,5.657447805690129e-15
0.47400000000000037,-1.289133046154826,-5.842795845976454e-17,-0.0429650612927041,-1.9224757351838552e-16,-4.1711566009079,5.681269061731919e-15
0.47500000000000037,-1.2891261609116236,-5.86679138507168e-17,-0.04305936707713179,-1.922851314546541e-16,-4.180328306912217,5.7051684337924045e-15
0.47600000000000037,-1.2891191056039615,-5.890291373063034e-17,-0.043155787282126365,-1.923499144129428e-16,-4.189705761764561,5.729112546668368e-15
0.47700000000000037,-1.2891118792798384,-5.915932399056732e-17,-0.04325432065041171,-1.924272121237484e-16,-4.199288850828533,5.752951195535993e-15
0.47800000000000037,-1.2891044809672183,-5.938256448765885e-17,-0.04335496589659494,-1.9246746140713603e-16,-4.20907745692355,5.7768579206975725e-15
0.47900000000000037,-1.2890969096741005,-5.964466643881174e-17,-0.043457721707154215,-1.9247432144864852e-16,-4.219071460324989,5.800517977385348e-15
0.48000000000000037,-1.2890891643885782,-5.988517286819474e-17,-0.04356258674042555,-1.9246554561872573e-16,-4.229270738764328,5.823565051496519e-15
0.48100000000000037,-1.2890812440789228,-6.012470944821642e-17,-0.04366955962659066,-1.924707956163768e-16,-4.239675167429297,5.846170989182283e-15
0.4820000000000004,-1.2890731476936375,-6.033772844938291e-17,-0.04377863896766335,-1.9252373356930605e-16,-4.250284618964039,5.869572983462749e-15
0.4830000000000004,-1.2890648741615442,-6.059989937295673e-17,-0.043889823337476645,-1.9261313346149453e-16,-4.261098963469268,5.893804580611827e-15
0.4840000000000004,-1.2890564223918484,-6.084907504317712e-17,-0.04400311128166927,-1.9274195615415623e-16,-4.272118068502445,5.918202620444271e-15
0.4850000000000004,-1.2890477912742166,-6.109359240747236e-17,-0.044118501317672185,-1.928717854490782e-16,-4.283341799077945,5.942001636325069e-15
0.4860000000000004,-1.289038979678853,-6.134150159468648e-17,-0.04423599193469467,-1.930405257051968e-16,-4.294770017667257,5.965520417683786e-15
0.4870000000000004,-1.289029986456576,-6.157069718116899e-17,-0.04435558159371095,-1.9157325308396886e-16,-4.306402584199157,5.989763276209046e-15
0.4880000000000004,-1.2890208104388976,-6.182795914049875e-17,-0.044477268727445576,-1.8776928770337066e-16,-4.318239356059918,6.014030150480362e-15
0.4890000000000004,-1.2890114504381078,-6.208085981017341e-17,-0.044601051740359825,-1.8184513052582712e-16,-4.3302801880935125,6.038087847270973e-15
0.4900000000000004,-1.2890019052473471,-6.231669965703188e-17,-0.04472692900863702,-1.7403243792151066e-16,-4.342524932601823,6.062132204236157e-15
0.4910000000000004,-1.2889921736407024,-6.256664847348675e-17,-0.044854898880168394,-1.644753161085156e-16,-4.354973439344869,6.0861945938600656e-15
0.4920000000000004,-1.288982254373279,-6.280151858582826e-17,-0.044984959674538465,-1.5335737687932581e-16,-4.3676255555410295,6.110124063716493e-15
0.4930000000000004,-1.2889721461812946,-6.306080183047048e-17,-0.045117109683010206,-1.4080811131589186e-16,-4.3804811258672895,6.132605328801381e-15
0.4940000000000004,-1.2889618477821665,-6.326558542370922e-17,-0.04525134716851073,-1.269532983689569e-16,-4.393539992459478,6.1548131366167355e-15
0.4950000000000004,-1.288951357874597,-6.35054871980778e-17,-0.045387670365616,-1.119531915660866e-16,-4.406801994912534,6.1781545067598276e-15
0.4960000000000004,-1.288940675138664,-6.374782826160551e-17,-0.045526077480536026,-9.589652349447103e-17,-4.420266970280769,6.202131596159361e-15
0.4970000000000004,-1.288929798235916,-6.400608275735175e-17,-0.04566656669109996,-7.885569557717364e-17,-4.433934753078137,6.225874398533484e-15
0.4980000000000004,-1.2889187258094605,-6.423274873306316e-17,-0.04580913614674084,-6.098761522150957e-17,-4.44780517527853,6.249961857706846e-15
0.4990000000000004,-1.2889074564840615,-6.449742613042151e-17,-0.045953783968480516,-4.2374656518857847e-17,-4.461878066316074,6.274265956035576e-15
0.5000000000000003,-1.2888959888662348,-6.47524613972032e-17,-0.04610050824891426,-2.306959151405928e-17,-4.476153253085435,6.2994931468484506e-15
0.5010000000000003,-1.288884321544343,-6.500416940134503e-17,-0.04624930705219569,-3.101837880105758e-18,-4.490630559942139,6.324320314678697e-15
0.5020000000000003,-1.288872453088693,-6.525327706299651e-17,-0.04640017841402113,1.7484193406836196e-17,-4.505309808702904,6.348343065626285e-15
0.5030000000000003,-1.2888603820516433,-6.548605437241169e-17,-0.04655312034161473,3.86195568648187e-17,-4.520190818645989,6.372873866371966e-15
0.5040000000000003,-1.288848106967695,-6.57485092010134e-17,-0.04670813081371265,6.026750775504416e-17,-4.5352734065115445,6.397622436137374e-15
0.5050000000000003,-1.288835626353599,-6.600522099327686e-17,-0.04686520778054775,8.235560180291139e-17,-4.550557386501992,6.422557085265183e-15
0.5060000000000003,-1.2888229387084595,-6.626484978859313e-17,-0.04702434916383423,1.0482306469264756e-16,-4.566042570282399,6.447626071165339e-15
0.5070000000000003,-1.2888100425138407,-6.651072120567678e-17,-0.047185552856752355,1.277129813017059e-16,-4.58172876698089,6.471910710822839e-15
0.5080000000000003,-1.2887969362338705,-6.673961819571695e-17,-0.047348816723932895,1.5095730974857239e-16,-4.5976157831890525,6.4960070016208025e-15
0.5090000000000003,-1.2887836183153467,-6.69950720320254e-17,-0.047514138601441755,1.7345647454172334e-16,-4.613703422962364,6.520106302520761e-15
0.5100000000000003,-1.2887700871878511,-6.725607111756767e-17,-0.047681516296764676,1.9531681405450262e-16,-4.629991487820647,6.544139658502879e-15
0.5110000000000003,-1.288756341263857,-6.75061873867427e-17,-0.047850947588792145,2.1554031774129235e-16,-4.6464797767485235,6.568469318936817e-15
0.5120000000000003,-1.288742378938839,-6.77444773365197e-17,-0.048022430227803725,2.3422521239528905e-16,-4.663168086195896,6.592744858905201e-15
0.5130000000000003,-1.2887281985913919,-6.799409501097422e-17,-0.04819596193545346,2.5157698235189836e-16,-4.68005621007844,6.616992224108509e-15
0.5140000000000003,-1.2887137985833357,-6.822911303134259e-17,-0.048371540404754165,2.6981221065222584e-16,-4.697143939778124,6.641438423931547e-15
0.5150000000000003,-1.28869917725984,-6.850876479556489e-17,-0.048549163300062884,2.888567405865369e-16,-4.714431064143736,6.666515284658908e-15
0.5160000000000003,-1.2886843329495368,-6.876700080249451e-17,-0.04872882825706582,3.0649573747177587e-16,-4.731917369491439,6.692741804661728e-15
0.5170000000000003,-1.2886692639646415,-6.902594174167383e-17,-0.04891053288276355,3.21788155696073e-16,-4.749602639605339,6.7190878825993256e-15
0.5180000000000003,-1.2886539686010654,-6.928606088409676e-17,-0.049094274755456274,3.339730105632438e-16,-4.767486655738076,6.744686904424532e-15
0.5190000000000003,-1.288638445138545,-6.955470401837734e-17,-0.0492800514247293,3.4285895510044354e-16,-4.785569196611439,6.7693699930580514e-15
0.5200000000000004,-1.2886226918407595,-6.978164952886398e-17,-0.04946786041143868,3.4774027401925652e-16,-4.803850038416997,6.793796085458399e-15
0.5210000000000004,-1.2886067069554556,-7.004240660251537e-17,-0.04965769920769694,3.4897412758814325e-16,-4.822328954816751,6.8180673881079625e-15
0.5220000000000004,-1.28859048871457,-7.028873855860867e-17,-0.04984956527685884,3.4789607256266855e-16,-4.841005716943817,6.842151075512567e-15
0.5230000000000004,-1.2885740353343558,-7.052025637512499e-17,-0.05004345605350763,3.4041876689344963e-16,-4.859880093403121,6.865895751293344e-15
0.5240000000000004,-1.288557345015515,-7.078171446606072e-17,-0.05023936894344129,3.283480371137665e-16,-4.878951850272125,6.88962089740663e-15
0.5250000000000004,-1.288540415943318,-7.101909145767383e-17,-0.05043730132365877,3.13017491590581e-16,-4.898220751101574,6.913637384022191e-15
0.5260000000000004,-1.2885232462877396,-7.12562199810722e-17,-0.05063725054234697,2.9595813204654123e-16,-4.917686556916269,6.9373841192591815e-15
0.5270000000000004,-1.2885058342035869,-7.150283766845869e-17,-0.050839213918867365,2.7618087051546373e-16,-4.937349026215868,6.9612517418916125e-15
0.5280000000000004,-1.288488177830632,-7.175447125729556e-17,-0.05104318874374325,2.529385001067547e-16,-4.957207914975703,6.9856716248169806e-15
0.5290000000000004,-1.2884702752937498,-7.199120946179727e-17,-0.051249172278647157,2.2657634744338774e-16,-4.977262976647635,7.0101750276813934e-15
0.5300000000000004,-1.288452124703043,-7.22302767492356e-17,-0.05145716175638829,1.974456449206228e-16,-4.997513962160933,7.034431732256079e-15
0.5310000000000004,-1.288433724153985,-7.250915363901116e-17,-0.051667154380900505,1.6807667781651788e-16,-5.017960619923178,7.059073151335525e-15
0.5320000000000004,-1.2884150717275589,-7.2746276813045e-17,-0.05187914732723071,1.3726821891667883e-16,-5.038602695821194,7.0840078759090235e-15
0.5330000000000004,-1.2883961654903862,-7.299553169048406e-17,-0.052093137741526685,1.0641530125600912e-16,-5.059439933222011,7.106498447394246e-15
0.5340000000000004,-1.2883770034948785,-7.319499834906472e-17,-0.05230912274102668,7.639820166878659e-17,-5.080472072973862,7.128253099139925e-15
0.5350000000000004,-1.2883575837793677,-7.343724552825381e-17,-0.05252709941404783,4.692108163088392e-17,-5.101698853407198,7.150312690174507e-15
0.5360000000000004,-1.2883379043682517,-7.365873704172165e-17,-0.05274706481997578,1.8064693926662956e-17,-5.123120010335748,7.173792438130565e-15
0.5370000000000004,-1.2883179632721402,-7.390086668254689e-17,-0.05296901598925449,-1.0166195506853327e-17,-5.1447352770576025,7.197044306881357e-15
0.5380000000000004,-1.2882977584879944,-7.413045032216839e-17,-0.05319294992337631,-3.7811466376505537e-17,-5.166544384356322,7.219918481481833e-15
0.5390000000000004,-1.2882772879992743,-7.436035795799198e-17,-0.0534188635948724,-6.480180338115431e-17,-5.188547060502099,7.242452977542488e-15
0.5400000000000004,-1.2882565497760878,-7.460987312858115e-17,-0.053646753947303526,-9.146323230394697e-17,-5.210743031252932,7.266533203395322e-15
0.5410000000000004,-1.2882355417753322,-7.48418407055315e-17,-0.053876617895251416,-1.179205063377851e-16,-5.233132019855845,7.290480094586015e-15
0.5420000000000004,-1.2882142619408474,-7.507116941794061e-17,-0.05410845232431026,-1.4420870951830853e-16,-5.255713747048136,7.312703717763486e-15
0.5430000000000004,-1.2881927082035693,-7.528706063774604e-17,-0.05434225409107894,-1.7006486656699612e-16,-5.278487931058668,7.334380296899255e-15
0.5440000000000004,-1.288170878481671,-7.549976217227653e-17,-0.05457802002315322,-1.9572230071381483e-16,-5.301454287609187,7.355315215035606e-15
0.5450000000000004,-1.2881487706807246,-7.570161977864421e-17,-0.054815746919118884,-2.211813513067906e-16,-5.324612529915681,7.374657368885483e-15
0.5460000000000004,-1.2881263826938478,-7.589864417375879e-17,-0.055055431548545,-2.4640570539981613e-16,-5.347962368689779,7.393599074874025e-15
0.5470000000000004,-1.2881037124018677,-7.607941562200279e-17,-0.05529707065197802,-2.7120537779379746e-16,-5.3715035121401815,7.413628361564193e-15
0.5480000000000004,-1.2880807576734608,-7.629881518272974e-17,-0.05554066094093543,-2.9588583411974845e-16,-5.395235665974129,7.434040803188569e-15
0.5490000000000004,-1.2880575163653272,-7.649614008715373e-17,-0.05578619909790135,-3.203128964776866e-16,-5.419158533398919,7.453894376360598e-15
0.5500000000000004,-1.2880339863223365,-7.671899554524343e-17,-0.05603368177632123,-3.4473370666714344e-16,-5.443271815123457,7.474691715580548e-15
0.5510000000000004,-1.2880101653776912,-7.693234172090502e-17,-0.05628310560059804,-3.693514622362833e-16,-5.467575209359835,7.496019148008666e-15
0.5520000000000004,-1.2879860513530865,-7.713966447786165e-17,-0.05653446716608836,-3.939854547626729e-16,-5.49206841182498,7.51723484617412e-15
0.5530000000000004,-1.287961642058871,-7.738009300101263e-17,-0.05678776303909948,-4.185357271881819e-16,-5.516751115742311,7.540675040583558e-15
0.5540000000000004,-1.2879369352942067,-7.761008602070211e-17,-0.05704298975688661,-4.431200863561057e-16,-5.541623011843465,7.56455108888541e-15
0.5550000000000004,-1.2879119288472365,-7.785930909142721e-17,-0.05730014382765107,-4.674559723025025e-16,-5.5666837883700495,7.588078154496018e-15
0.5560000000000004,-1.2878866204952468,-7.809651864210466e-17,-0.05755922173053884,-4.907136533214551e-16,-5.5919331310754465,7.611585036699454e-15
0.5570000000000004,-1.2878610080048298,-7.832658300649899e-17,-0.057820219915639764,-5.131222252871406e-16,-5.617370723226655,7.635152738044376e-15
0.5580000000000004,-1.2878350891320534,-7.858632369736249e-17,-0.05808313480398718,-5.347814206389865e-16,-5.6429962456061835,7.65839784876562e-15
0.5590000000000004,-1.287808861622627,-7.880583583154957e-17,-0.05834796278755848,-5.546012689739903e-16,-5.668809376513982,7.681201964620292e-15
0.5600000000000004,-1.2877823232120715,-7.903335232475183e-17,-0.05861470022927606,-5.73828324425761e-16,-5.694809791769426,7.704272667748127e-15
0.5610000000000004,-1.2877554716258837,-7.926896154865889e-17,-0.05888334346300908,-5.925517034114697e-16,-5.7209971647133475,7.727025215083497e-15
0.5620000000000004,-1.2877283045797139,-7.949533593816941e-17,-0.05915388879357564,-6.097918265321353e-16,-5.7473711662100975,7.749892012538593e-15
0.5630000000000004,-1.287700819779532,-7.972825352421633e-17,-0.059426332496745955,-6.267334772638945e-16,-5.773931464649683,7.772859238474582e-15
0.5640000000000004,-1.2876730149218014,-7.995036124513996e-17,-0.059700670819245974,-6.434742542693462e-16,-5.800677725949932,7.795411887413303e-15
0.5650000000000004,-1.2876448876936528,-8.018426444192786e-17,-0.059976899978761655,-6.588059620804625e-16,-5.827609613558712,7.817646361637935e-15
0.5660000000000004,-1.2876164357730568,-8.039848320826606e-17,-0.06025501616394409,-6.718636952978127e-16,-5.8547267884562055,7.839662117585452e-15
0.5670000000000004,-1.287587656829001,-8.061121517289278e-17,-0.06053501553441553,-6.838621109350117e-16,-5.882028909157224,7.861460709665161e-15
0.5680000000000004,-1.2875585485216663,-8.083693233947792e-17,-0.06081689422077564,-6.950269001227586e-16,-5.9095156317135835,7.881959164111348e-15
0.5690000000000004,-1.2875291085025997,-8.104104085529547e-17,-0.061100648324608674,-7.075523994811135e-16,-5.937186609716527,7.902408760689949e-15
0.5700000000000004,-1.2874993344149004,-8.123047045362563e-17,-0.06138627391849211,-7.190504077543928e-16,-5.965041494299199,7.921829748966237e-15
0.5710000000000004,-1.2874692238933898,-8.141233740130883e-17,-0.06167376704600463,-7.274362265040786e-16,-5.993079934139171,7.939270962065756e-15
0.5720000000000004,-1.2874387745647977,-8.157525474320685e-17,-0.06196312372173653,-7.360807778519075e-16,-6.0213015754610275,7.955906165756172e-15
0.5730000000000004,-1.2874079840479398,-8.172958570957171e-17,-0.062254339931299335,-7.452831659287734e-16,-6.049706062038999,7.971192365656164e-15
0.5740000000000004,-1.2873768499539002,-8.18664752547667e-17,-0.0625474116313377,-7.538527536352465e-16,-6.0782930351996525,7.984777166430602e-15
0.5750000000000004,-1.2873453698862136,-8.198722706795923e-17,-0.06284233474954079,-7.6294037117734035e-16,-6.1070621338246385,7.997242013687073e-15
0.5760000000000004,-1.2873135414410501,-8.209535872287554e-17,-0.06313910518465568,-7.735773201310388e-16,-6.136012994353483,8.009183898100297e-15
0.5770000000000004,-1.2872813622073955,-8.221514228178476e-17,-0.06343771880650051,-7.855634139099911e-16,-6.165145250786461,8.020841801186619e-15
0.5780000000000004,-1.2872488297672424,-8.229945051533315e-17,-0.06373817145597974,-7.964841811764253e-16,-6.194458534687497,8.030032649915567e-15
0.5790000000000004,-1.2872159416957691,-8.235486653916293e-17,-0.06404045894509865,-8.064548381593281e-16,-6.223952475187147,8.037335249281e-15
0.5800000000000004,-1.287182695561531,-8.243572356542434e-17,-0.06434457705698042,-8.166248493109512e-16,-6.25362669898562,8.04372346785963e-15
0.5810000000000004,-1.2871490889266477,-8.249054884307763e-17,-0.06465052154588301,-8.238150482578089e-16,-6.283480830355881,8.049422305814521e-15
0.5820000000000004,-1.2871151193469899,-8.251723632920713e-17,-0.06495828813721737,-8.295434097907568e-16,-6.313514491146786,8.053652594610005e-15
0.5830000000000004,-1.2870807843723664,-8.25508959834972e-17,-0.06526787252756623,-8.328448624374463e-16,-6.343727300786297,8.055753862552533e-15
0.5840000000000004,-1.2870460815467195,-8.253648005485193e-17,-0.06557927038470424,-8.337833019747883e-16,-6.374118876284754,8.055665955708791e-15
0.5850000000000004,-1.2870110084083106,-8.251350963761175e-17,-0.06589247734761897,-8.328991859302889e-16,-6.404688832238201,8.054362840923066e-15
0.5860000000000004,-1.286975562489913,-8.250737012588116e-17,-0.0662074890265325,-8.315289738718742e-16,-6.435436780831783,8.053509140010017e-15
0.5870000000000004,-1.2869397413190045,-8.247929768381097e-17,-0.06652430100292438,-8.316709519349989e-16,-6.466362331843199,8.05335672472442e-15
0.5880000000000004,-1.2869035424179607,-8.246884740434725e-17,-0.06684290882955549,-8.300706041682858e-16,-6.497465092646216,8.052155398899605e-15
0.5890000000000004,-1.2868669633042467,-8.244545223945267e-17,-0.06716330803049263,-8.269600471596213e-16,-6.528744668214261,8.050045331429668e-15
0.5900000000000004,-1.286839884904718,-8.241126608985841e-17,-0.06739949590735018,-8.245484313397299e-16,-6.551691321060955,8.043780504381531e-15
0.5910000000000004,-1.286826544723827,-8.230241434634731e-17,-0.06751554614341017,-8.24980390235213e-16,-6.563031469565785,8.035976711951113e-15
0.5920000000000004,-1.2868255100161443,-8.221661330135383e-17,-0.06752453893097131,-8.260264209765694e-16,-6.563916971183397,8.027688120511579e-15
0.5930000000000004,-1.2868355306137897,-8.214644839865563e-17,-0.0674373974348059,-8.245003747181855e-16,-6.555415691950893,8.017269208394055e-15
0.5940000000000004,-1.2868554441246292,-8.202423599678414e-17,-0.06726388529390662,-8.228219970899959e-16,-6.5384876667313145,8.006908019292373e-15
0.5950000000000004,-1.2868841706156657,-8.192334134189518e-17,-0.06701278120111748,-8.233052003190106e-16,-6.513979154240995,7.998463013411681e-15
0.5960000000000004,-1.2869154828097045,-8.185036689679134e-17,-0.06673798469986301,-8.253287531444941e-16,-6.487222355890783,7.989744504146087e-15
0.5970000000000004,-1.2869463343979262,-8.176930132345969e-17,-0.06646610489855585,-8.291809481340371e-16,-6.460681621147804,7.981714043974744e-15
0.5980000000000004,-1.2869768136920023,-8.169025211317255e-17,-0.06619639530617616,-8.347781817335935e-16,-6.434354117577854,7.973770648314745e-15
0.5990000000000004,-1.2870069266959332,-8.160156731526066e-17,-0.06592882961605499,-8.419893120878051e-16,-6.408237238631321,7.96623969918632e-15
0.6000000000000004,-1.287036679099513,-8.154798204905314e-17,-0.06566338367281496,-8.50731602176194e-16,-6.382328588793303,7.959411861436694e-15
0.6010000000000004,-1.2870660763002666,-8.146873012495601e-17,-0.06540003532840766,-8.587018596249186e-16,-6.356625969459797,7.952549147070068e-15
0.6020000000000004,-1.287095123423977,-8.141168117180119e-17,-0.06513876430615458,-8.648034884024435e-16,-6.3311273656012395,7.944858615023382e-15
0.6030000000000004,-1.2871238253438622,-8.132905953873028e-17,-0.06487955207256935,-8.703127729908483e-16,-6.305830933191375,7.93707898493489e-15
0.6040000000000004,-1.2871521866984807,-8.122998232057078e-17,-0.0646223817167072,-8.73269165861907e-16,-6.280734987376133,7.928899315028e-15
0.6050000000000004,-1.287180211908417,-8.117241073671257e-17,-0.06436723783676161,-8.748612116541289e-16,-6.255837991354713,7.920021374540903e-15
0.6060000000000004,-1.2872079051918226,-8.10783101684684e-17,-0.06411410643361029,-8.762455633414429e-16,-6.231138545943506,7.911450987653253e-15
0.6070000000000004,-1.2872352705788692,-8.099285319001268e-17,-0.0638629748110029,-8.773152792131207e-16,-6.206635379792347,7.902872424462678e-15
0.6080000000000004,-1.2872623119251891,-8.090439627153713e-17,-0.06361383148207633,-8.781514424577066e-16,-6.182327340222121,7.894511147285169e-15
0.6090000000000004,-1.2872890329243476,-8.082712117553483e-17,-0.06336666608188146,-8.757588982333368e-16,-6.158213384652609,7.885776605570413e-15
0.6100000000000004,-1.2873154371194189,-8.074428415893702e-17,-0.06312146928560948,-8.69327106988523e-16,-6.134292572589708,7.876810055378672e-15
0.6110000000000004,-1.2873415279137197,-8.06509934379415e-17,-0.0628782327322073,-8.626147082471109e-16,-6.110564058141585,7.867905449259762e-15
0.6120000000000004,-1.287367308580752,-8.056178943187205e-17,-0.06263694895308239,-8.577697471431118e-16,-6.087027083034107,7.859584449286316e-15
0.6130000000000004,-1.2873927822734144,-8.048514462811888e-17,-0.06239761130560208,-8.553969928002237e-16,-6.063680970096691,7.850715889117814e-15
0.6140000000000004,-1.2874179520325144,-8.04050523399692e-17,-0.06216021391110546,-8.541410579028671e-16,-6.040525117190705,7.841497428391983e-15
0.6150000000000004,-1.2874428207946529,-8.029395032375305e-17,-0.061924751597154645,-8.540079386816693e-16,-6.017558991553652,7.831626146792427e-15
0.6160000000000004,-1.2874673913995025,-8.020444299171411e-17,-0.061691219843764696,-8.561313574050729e-16,-5.99478212453345,7.822955388260976e-15
0.6170000000000004,-1.2874916665965346,-8.013648061635285e-17,-0.06145961473336281,-8.60127500971973e-16,-5.97219410668833,7.815210543310684e-15
0.6180000000000004,-1.2875156490512316,-8.006300079032108e-17,-0.06122993290423928,-8.658049804262756e-16,-5.949794583229022,7.807734973581788e-15
0.6190000000000004,-1.2875393413508118,-7.998678752879761e-17,-0.061002171507264974,-8.699743586218741e-16,-5.9275832497810885,7.800439137692945e-15
0.6200000000000004,-1.2875627460095196,-7.991847219526423e-17,-0.060776328165661725,-8.7176456947412e-16,-5.9055598484464475,7.792285668658248e-15
0.6210000000000004,-1.2875858654734955,-7.981814323655592e-17,-0.060552400937624026,-8.74690841775805e-16,-5.883724164144282,7.783943727681476e-15
0.6220000000000004,-1.2876087021252658,-7.973888296677478e-17,-0.06033038828160135,-8.7839260523257955e-16,-5.862076021212627,7.774543475164e-15
0.6230000000000004,-1.2876312582878757,-7.96277817006195e-17,-0.06011028902406203,-8.818487200017403e-16,-5.840615280253049,7.764957031850756e-15
0.6240000000000004,-1.2876535362286965,-7.953385076312001e-17,-0.059892102329569735,-8.852113687560006e-16,-5.8193418352018655,7.756647666964898e-15
0.6250000000000004,-1.2876755381629288,-7.947605666685875e-17,-0.059675827673014735,-8.884861354342432e-16,-5.798255610612387,7.749119619638968e-15
0.6260000000000004,-1.2876972662568185,-7.940934788856127e-17,-0.059461464813850645,-8.936524998131378e-16,-5.777356559133572,7.741683707376604e-15
0.6270000000000004,-1.2877187226306201,-7.931918625196096e-17,-0.059249013772198066,-8.994866530370022e-16,-5.756644659171495,7.733552027439782e-15
0.6280000000000004,-1.287739909361315,-7.923822106714652e-17,-0.05903847480668485,-9.038275335796512e-16,-5.736119912720808,7.724897741512651e-15
0.6290000000000004,-1.2877608284851048,-7.916218981683897e-17,-0.05882984839390067,-9.079246968878644e-16,-5.715782343354316,7.716739082355797e-15
0.6300000000000004,-1.2877814819997075,-7.90871194840581e-17,-0.058623135209353236,-9.12914103661062e-16,-5.695631994359448,7.70900916862323e-15
0.6310000000000004,-1.2878018718664535,-7.900494060737369e-17,-0.05841833610981846,-9.196849119650737e-16,-5.675668927011276,7.700603211080238e-15
0.6320000000000005,-1.2878220000122165,-7.891291696825664e-17,-0.058215452116987136,-9.24922477373282e-16,-5.6558932189723325,7.691936712448932e-15
0.6330000000000005,-1.2878418683311705,-7.881214547262426e-17,-0.05801448440231433,-9.287646181966686e-16,-5.636304962810198,7.683096734249155e-15
0.6340000000000005,-1.287861478686411,-7.873321103857564e-17,-0.057815434272986826,-9.34481015407138e-16,-5.6169042646244325,7.674742297429423e-15
0.6350000000000005,-1.2878808329114273,-7.865665746390175e-17,-0.05761830315892698,-9.398832328242863e-16,-5.5976912427749825,7.666142626462916e-15
0.6360000000000005,-1.2878999328114538,-7.856357904270114e-17,-0.057423092600760145,-9.421902170508476e-16,-5.578666026704784,7.657177193124608e-15
0.6370000000000005,-1.2879187801647016,-7.847643151961995e-17,-0.057229804238674964,-9.389524402806978e-16,-5.559828755849766,7.648182218136251e-15
0.6380000000000005,-1.2879373767234812,-7.838007854222651e-17,-0.05703843980211243,-9.307309604263265e-16,-5.541179578629907,7.638725197243129e-15
0.6390000000000005,-1.2879557242152289,-7.830280158756874e-17,-0.05684900110022435,-9.19093460833939e-16,-5.52271865151553,7.629464121103833e-15
0.6400000000000005,-1.2879738243434398,-7.820156847894671e-17,-0.05666149001304446,-9.032676906016362e-16,-5.504446138163312,7.61927496954634e-15
0.6410000000000005,-1.287991678788511,-7.808365744478866e-17,-0.05647590848332114,-8.846877138406024e-16,-5.486362208617009,7.608808137627777e-15
0.6420000000000005,-1.2880092892085186,-7.798943620529851e-17,-0.056292258508963716,-8.646287067884462e-16,-5.468467038568135,7.599136217088724e-15
0.6430000000000005,-1.2880266572399133,-7.790872057513649e-17,-0.05611054213605743,-8.410510259371917e-16,-5.450760808672262,7.590213877740814e-15
0.6440000000000005,-1.2880437844981463,-7.78075364517302e-17,-0.05593076145240493,-8.133062666645728e-16,-5.433243703916862,7.58153279513112e-15
0.6450000000000005,-1.288060672578252,-7.772530960035665e-17,-0.05575291858155798,-7.839673167462413e-16,-5.415915913036941,7.573107978652725e-15
0.6460000000000005,-1.2880773230553555,-7.763488071153815e-17,-0.055577015677300945,-7.520568316265898e-16,-5.3987776279749715,7.564921639596856e-15
0.6470000000000005,-1.2880937374851393,-7.759287478983336e-17,-0.05540305491855499,-7.168514046882213e-16,-5.381829043381863,7.5580735724798e-15
0.6480000000000005,-1.2881099174042585,-7.751674172935918e-17,-0.05523103850467149,-6.807738390281293e-16,-5.365070356155998,7.551762494066494e-15
0.6490000000000005,-1.2881258643307165,-7.74400890603981e-17,-0.055060968651085944,-6.438670581091155e-16,-5.348501765017516,7.544631648210451e-15
0.6500000000000005,-1.288141579764196,-7.737279768395919e-17,-0.054892847585306354,-6.072880142911574e-16,-5.332123470115258,7.537342769979744e-15
0.6510000000000005,-1.2881570651863572,-7.730406239455204e-17,-0.054726677543211456,-5.688130309748374e-16,-5.3159356726640175,7.528908639189682e-15
0.6520000000000005,-1.2881723220611008,-7.723684276742026e-17,-0.054562460765635964,-5.308502892724972e-16,-5.299938574609796,7.521654020824268e-15
0.6530000000000005,-1.2881873518347953,-7.713180972955096e-17,-0.05440019949522143,-4.933392030719179e-16,-5.284132378321077,7.515248916396592e-15
0.6540000000000005,-1.2882021559364867,-7.710662521606892e-17,-0.05423989597351399,-4.561618171404928e-16,-5.268517286304158,7.508239192395816e-15
0.6550000000000005,-1.288216735778075,-7.70126868041932e-17,-0.05408155243829034,-4.1929938133864676e-16,-5.25309350094078,7.501421872433758e-15
0.6560000000000005,-1.2882310927544633,-7.693617971132408e-17,-0.05392517112109432,-3.8265846027976777e-16,-5.237861224246424,7.49305117242983e-15
0.6570000000000005,-1.288245228243695,-7.685382777975456e-17,-0.05377075424497056,-3.462554146067192e-16,-5.222820657647711,7.4839041710217e-15
0.6580000000000005,-1.2882591436070616,-7.673759852202092e-17,-0.053618304022378396,-3.101129595958831e-16,-5.207972001777554,7.474628013962278e-15
0.6590000000000005,-1.2882728401891987,-7.665062687652034e-17,-0.05346782265327438,-2.7420742265734368e-16,-5.193315456286686,7.465368260439493e-15
0.6600000000000005,-1.2882863193181646,-7.655676364300286e-17,-0.05331931232335005,-2.3852806307108743e-16,-5.178851219670381,7.456446109269494e-15
